CID,sn_ra,sn_dec,sn_z,x1,x1ERR,c,cERR,HOST_LOGMASS,sigma_host,sigma_err,sigma_source,w50_proxy
000014,35.878,-4.6363,0.13614,0.47577,0.57882,-0.111842,0.033921,9.80415,35.349999999999994,5.302499999999999,HIPASS_W50_proxy,101.0
1580,45.3231,-0.6441,0.18229,0.89187,0.2367,-0.031183,0.030946,10.75,39.340000534057616,5.901000080108642,HIPASS_W50_proxy,112.4000015258789
16276,20.5787,1.0106,0.19413,0.003506,0.57707,-0.029701,0.032591,9.288,94.46499786376953,14.16974967956543,HIPASS_W50_proxy,269.8999938964844
17497,37.1366,-1.0421,0.14404,0.90707,0.12522,0.038584,0.022744,10.0189,54.84499893188476,8.226749839782714,HIPASS_W50_proxy,156.6999969482422
18740,16.8553,1.0437,0.15336,-0.040405,0.12731,0.029946,0.022489,10.663,20.85999946594238,3.1289999198913567,HIPASS_W50_proxy,59.599998474121094
18927,46.6825,-0.754,0.21225,-0.578624,0.38977,0.11949,0.041521,11.5,70.35,10.552499999999998,HIPASS_W50_proxy,201.0
1992G,159.077,37.3212,0.00692,-0.216055,0.10475,0.020575,0.057706,10.0995,56.400001525878906,8.699999809265137,Ho+2009,
1992al,311.485,-51.3944,0.01388,-0.284092,0.082956,-0.130405,0.027362,10.0338,107.06499786376952,16.059749679565428,HIPASS_W50_proxy,305.8999938964844
1994DRichmond,188.51,7.7016,0.00299,-1.61803,0.049543,-0.111684,0.026044,8.46247,212.8000030517578,8.699999809265137,Ho+2009,
1994T,200.378,-2.149,0.03583,-1.51339,0.15186,0.031814,0.031789,10.2173,186.10000610351562,16.299999237060547,6dFGS FP,
1995al,147.733,33.5526,0.00673,1.20311,0.12078,0.036406,0.026077,10.296,57.29999923706055,,Ho 2007,
1996Z,144.187,-21.1476,0.00817,-0.347761,0.77915,0.20665,0.034333,7.0,99.99500427246093,14.999250640869139,HIPASS_W50_proxy,285.70001220703125
1997br,200.177,-22.0367,0.00665,0.33528,0.064342,0.23825,0.034175,8.92838,34.54499893188476,5.181749839782714,HIPASS_W50_proxy,98.69999694824219
1998aq,179.108,55.1287,0.00349,-0.45159,0.036414,-0.118814,0.025128,10.199,73.0,4.0,Ho+2009,
1998dm,21.5582,-6.1039,0.00631,0.56097,0.053113,0.22921,0.039831,7.05776,88.55,13.282499999999999,HIPASS_W50_proxy,253.0
1999aa,126.925,21.4874,0.0159,1.57087,0.090703,-0.073609,0.040097,10.8086,139.3000030517578,,Ho 2007,
1999cp,211.63,-5.4469,0.00954,0.023621,0.038993,-0.044825,0.039253,10.441,43.43499946594238,6.515249919891358,HIPASS_W50_proxy,124.0999984741211
2000ca,203.846,-34.1603,0.02391,0.52115,0.071322,-0.11565,0.028209,7.0,52.255001068115234,7.838250160217285,HIPASS_W50_proxy,149.3000030517578
2000dr,15.4335,-15.5692,0.0179,-2.72877,0.10384,0.048082,0.042075,7.0,180.39999389648438,7.5,6dFGS FP,
2001bt,288.445,-59.2897,0.01279,-0.922972,0.052743,0.14144,0.028351,10.7524,122.69999694824219,13.600000381469727,6dFGS FP,
2001cz,191.876,-39.58,0.01213,0.12432,0.062028,0.041271,0.029407,7.0,138.3899978637695,20.758499679565425,HIPASS_W50_proxy,395.3999938964844
2001el,56.1275,-44.6398,0.00333,-0.131083,0.026693,0.074105,0.025318,11.28,138.00499572753904,20.700749359130857,HIPASS_W50_proxy,394.29998779296875
2002cs,281.75,45.7055,0.0159,0.52807,0.037505,0.012312,0.032313,7.0,173.60000610351562,4.900000095367432,Ho+2009,
2002dj,198.251,-19.519,0.00957,-0.284682,0.059779,-0.017189,0.028764,11.1654,228.10000610351562,4.699999809265137,6dFGS FP,
2002cr,211.657,-5.4394,0.00954,-0.602515,0.025982,-0.067624,0.018496,10.426,43.43499946594238,6.515249919891358,HIPASS_W50_proxy,124.0999984741211
2002ef,357.873,-13.3796,0.02273,-0.546957,0.077221,0.25356,0.019226,7.0,171.0,12.199999809265137,6dFGS FP,
2002fk,50.5238,-15.4009,0.00719,0.093397,0.03192,-0.109612,0.025407,9.89,47.949999999999996,7.192499999999999,HIPASS_W50_proxy,137.0
2003kf,91.1476,-12.6286,0.00795,0.52479,0.065705,-0.021355,0.052096,8.21817,82.56499786376952,12.384749679565427,HIPASS_W50_proxy,235.89999389648438
2004S,101.431,-31.2312,0.01042,-0.181708,0.05568,-0.00638,0.031726,7.0,26.669998931884763,4.000499839782714,HIPASS_W50_proxy,76.19999694824219
2004bw,225.945,-3.3046,0.02116,-1.18794,0.065286,-0.082778,0.03238,7.0,85.39999999999999,12.809999999999999,HIPASS_W50_proxy,244.0
2004fz,30.2767,31.8789,0.01743,-1.27514,0.058552,-0.044214,0.024366,7.0,101.4000015258789,9.300000190734863,Ho+2009,
2005al,207.501,-30.5762,0.01578,-1.25264,0.031141,-0.149074,0.023899,10.2599,227.1999969482422,19.899999618530273,6dFGS FP,
2005cf,230.384,-7.4132,0.0071,-0.060167,0.022551,-0.050515,0.023117,9.184,58.589997863769526,8.788499679565428,HIPASS_W50_proxy,167.39999389648438
2005df_ANU,64.4077,-62.7693,0.00407,-0.01756,0.054078,-0.076884,0.026127,9.552,86.16999893188476,12.925499839782715,HIPASS_W50_proxy,246.1999969482422
2005df,64.4077,-62.7693,0.00407,-0.103725,0.079745,-0.059471,0.027315,10.375,86.16999893188476,12.925499839782715,HIPASS_W50_proxy,246.1999969482422
2006D,193.141,-9.7752,0.00925,-1.3074,0.062715,-0.025522,0.02786,9.554,80.88500213623047,12.13275032043457,HIPASS_W50_proxy,231.10000610351562
2006ac,190.437,35.0686,0.02432,-0.782527,0.12179,-0.04336,0.028723,11.1921,141.0,4.0,BASS DR2,
2006ax,171.014,-12.2914,0.01747,0.28118,0.037316,-0.091397,0.026544,10.997,113.08500213623046,16.96275032043457,HIPASS_W50_proxy,323.1000061035156
2006bh,340.067,-66.4851,0.01028,-1.68127,0.037673,-0.095147,0.023054,10.501,134.04999999999998,20.107499999999998,HIPASS_W50_proxy,383.0
2006dm,355.449,-3.669,0.02228,-1.90086,0.068507,-0.032922,0.027967,11.0056,50.714997863769526,7.607249679565428,HIPASS_W50_proxy,144.89999389648438
2006ot,33.7702,-20.7662,0.05202,0.82077,0.091625,0.099567,0.02315,11.3736,280.0,18.100000381469727,6dFGS FP,
2007af,215.588,-0.3938,0.00625,-0.533099,0.035089,-0.019682,0.025871,10.331,69.475,10.421249999999999,HIPASS_W50_proxy,198.5
2007bd,127.889,-1.1994,0.0312,-1.2054,0.22471,-0.056702,0.033189,10.4344,157.6999969482422,21.799999237060547,6dFGS FP,
2007gi,180.348,61.8927,0.00587,-1.37417,0.079636,0.021825,0.027089,7.0,215.10000610351562,8.199999809265137,Ho+2009,
2007le,354.702,-6.5226,0.0063,0.20586,0.036952,0.20908,0.019005,9.02452,108.36000213623046,16.254000320434567,HIPASS_W50_proxy,309.6000061035156
2007sr,180.47,-18.9728,0.00571,0.10543,0.051014,0.017138,0.027385,10.682,47.18000106811523,7.077000160217285,HIPASS_W50_proxy,134.8000030517578
2007st,27.177,-48.6494,0.02056,-1.62937,0.052749,0.034066,0.024931,10.7947,90.33500213623046,13.550250320434568,HIPASS_W50_proxy,258.1000061035156
2008O,104.394,-45.8123,0.03847,-1.93144,0.070935,0.25164,0.026716,11.4466,389.6000061035156,54.70000076293945,6dFGS FP,
2008R,45.9738,-11.9943,0.01246,-2.23955,0.049819,0.013559,0.026185,11.0466,215.6999969482422,7.0,6dFGS FP,
2008bc,144.63,-63.9738,0.01546,0.57382,0.029774,-0.132291,0.039982,9.92086,76.68500213623047,11.50275032043457,HIPASS_W50_proxy,219.10000610351562
2008gg,21.346,-18.1724,0.03114,1.124,0.29643,0.040009,0.031928,10.9334,59.675,8.95125,HIPASS_W50_proxy,170.5
2008ia,132.647,-61.2779,0.02231,-1.24683,0.048337,-0.083436,0.042639,10.7732,171.60000610351562,7.900000095367432,6dFGS FP,
2009Y,220.599,-17.2468,0.00996,-0.148529,0.17305,0.16089,0.049042,10.636,210.0,,Ho 2007,
2009ig,39.5484,-1.3125,0.00815,1.2958,0.14101,0.05406,0.042592,9.906,106.5,6.400000095367432,6dFGS FP,
2010ko,83.206,-14.0961,0.01122,-2.46319,0.12961,0.012558,0.051438,7.25539,153.51000213623047,23.026500320434568,HIPASS_W50_proxy,438.6000061035156
2009le,32.3214,-23.4124,0.01784,0.91638,0.17222,0.064918,0.022329,10.7233,17.745000267028807,2.661750040054321,HIPASS_W50_proxy,50.70000076293945
2011im,341.105,-0.1672,0.01549,-1.45096,0.2899,0.091116,0.057296,10.5259,160.8000030517578,,Ho 2007,
2011hb,351.981,8.7794,0.0282,0.14953,0.35962,0.033306,0.062281,11.031,121.0,5.0,BASS DR2,
2011iv,54.714,-35.5922,0.00668,-1.89667,0.035884,-0.056402,0.022414,7.0,258.79998779296875,4.199999809265137,6dFGS FP,
2012cg,186.803,9.4203,0.00256,0.49196,0.023545,0.10073,0.018231,9.633,56.79999923706055,9.199999809265137,Ho+2009,
2013aa,218.141,-44.2244,0.00331,0.51292,0.15225,-0.104394,0.054067,10.53,68.66999893188476,10.300499839782715,HIPASS_W50_proxy,196.1999969482422
2012fr,53.4,-36.1271,0.00483,1.49515,0.133,0.047577,0.041982,10.732,130.79500427246094,19.61925064086914,HIPASS_W50_proxy,373.70001220703125
2013cs,198.812,-17.9654,0.00935,-0.33302,0.15324,0.054048,0.046456,9.413,19.634999465942382,2.9452499198913573,HIPASS_W50_proxy,56.099998474121094
2012hr,95.4103,-59.7141,0.00814,-0.022119,0.19434,-0.047757,0.04357,10.1223,104.86000213623046,15.729000320434569,HIPASS_W50_proxy,299.6000061035156
2013ex,83.1942,-14.0459,0.01122,-0.341166,0.065723,-0.036939,0.033974,8.72661,153.51000213623047,23.026500320434568,HIPASS_W50_proxy,438.6000061035156
2013fy,324.363,-47.0319,0.03075,0.50174,0.62502,0.027979,0.072823,10.7658,123.30000305175781,41.5,6dFGS FP,
2013gh,330.591,-18.9168,0.00838,-0.732548,0.046243,0.19613,0.022642,9.71043,151.10000610351562,15.0,6dFGS FP,
2013gq,124.473,23.4696,0.01453,-0.740468,0.076922,-0.102076,0.022183,10.8931,186.6999969482422,,Ho 2007,
2013gy,55.5703,-4.7218,0.01303,-0.513534,0.034883,-0.023595,0.021174,10.4638,147.35,22.1025,HIPASS_W50_proxy,421.0
2013hn,207.247,-30.2907,0.01578,-1.76294,0.15572,-0.141115,0.055878,11.5,83.08999786376953,12.463499679565428,HIPASS_W50_proxy,237.39999389648438
2015F,114.066,-69.5064,0.00488,-1.16422,0.11969,0.04414,0.05381,12.198,130.51499786376954,19.57724967956543,HIPASS_W50_proxy,372.8999938964844
2016coj,182.028,65.1772,0.0057,-1.69279,0.039137,-0.05311,0.019664,11.036,226.6999969482422,7.599999904632568,Ho+2009,
2017cbv,218.143,-44.1341,0.00331,0.61655,0.052564,-0.125638,0.032337,10.449,68.66999893188476,10.300499839782715,HIPASS_W50_proxy,196.1999969482422
2017erp,227.312,-11.3342,0.00677,0.26056,0.022269,0.03324,0.023625,10.591,112.87499999999999,16.93125,HIPASS_W50_proxy,322.5
2018gv,121.394,-11.4379,0.00602,0.39823,0.082967,-0.067297,0.022548,10.06,79.44999999999999,11.917499999999999,HIPASS_W50_proxy,227.0
2021pit,56.1257,-44.6325,0.00384,-0.042209,0.12206,0.072389,0.042032,-9.0,138.00499572753904,20.700749359130857,HIPASS_W50_proxy,394.29998779296875
8046,39.1168,0.5113,0.25772,0.26195,0.49235,0.042488,0.047496,11.335,68.46000213623046,10.269000320434568,HIPASS_W50_proxy,195.60000610351562
ASASSN-14fa,43.0961,-31.8217,0.02316,-1.93908,0.26272,-0.090364,0.056882,9.74865,220.8000030517578,15.800000190734863,6dFGS FP,
ASASSN-15so,168.546,48.3187,0.00857,-0.714413,0.078954,-0.055198,0.032438,10.95,131.6999969482422,10.100000381469727,Ho+2009,
ASASSN-15uw,38.893,-6.0629,0.03076,-0.702146,0.13127,0.045816,0.034032,10.3471,113.0,23.700000762939453,6dFGS FP,
ASASSN-16aj,65.4509,-15.7554,0.02953,-1.76764,0.15936,-0.020436,0.03705,10.9323,195.3000030517578,13.0,6dFGS FP,
ASASSN-16dw,202.503,-27.9739,0.03437,-0.229019,0.14442,0.054822,0.034758,10.1423,108.19999694824219,23.399999618530273,6dFGS FP,
ASASSN-16jf,339.247,-25.232,0.01096,-1.97973,0.15325,-0.031719,0.042517,8.01649,19.040000534057615,2.8560000801086423,HIPASS_W50_proxy,54.400001525878906
ASASSN-17at,174.64,25.3971,0.02713,-1.46792,0.27096,-0.02295,0.034274,10.1022,135.0,5.0,BASS DR2,
MASTEROTJ08,128.237,-3.8579,0.03118,-0.018273,0.17632,-0.038482,0.040854,10.638,133.10000610351562,16.899999618530273,6dFGS FP,
SN2016coj,182.028,65.1772,0.0057,-1.47692,0.085215,-0.006916,0.034309,11.036,226.6999969482422,7.599999904632568,Ho+2009,
iPTF13ebh,35.4999,33.2705,0.01114,-2.41474,0.14085,0.023414,0.050691,11.5,210.89999389648438,8.699999809265137,Ho+2009,
