CID,sn_ra,sn_dec,sn_z,x1,HOST_LOGMASS,sigma_host,sigma_err,sdss_z,sdss_ra,sdss_dec,match_sep_arcsec,plate,mjd,fiberID,sigma_source
000137,161.159,57.8111,0.11901,-0.710055,10.2136,146.79448,10.618872,0.118291855,161.15916,57.81106,0.3389517715326321,949,52427,310,SDSS_specObj
010026,160.674,58.8438,0.03236,-0.409321,9.61222,18.441492,17.107897,0.031225953,160.67164,58.844191,4.615455095776121,948,52428,525,SDSS_specObj
040780,243.62,54.7258,0.23082,-0.910841,10.963,128.14705,19.7625,0.23094249,243.61925999999994,54.72597,1.6556907301414097,7564,56804,959,SDSS_specObj
091869,351.908,-1.7625,0.28854,1.3387,10.347,850.0,-3.0,0.2938888,351.9081,-1.7629185,1.5489741552099456,4359,55533,949,SDSS_specObj
1032,46.7957,1.1196,0.12921,-2.5393,10.2777,139.29132,13.837393,0.1297552,46.795921,1.119996,1.6325051206566124,1564,52991,332,SDSS_specObj
10550,349.675,-1.2049,0.29933,1.64631,10.289,59.569057,36.66553,0.3008174,349.67578000000003,-1.2046572,2.940305098321791,4210,55444,332,SDSS_specObj
1112,339.018,-0.3752,0.2562,-0.608145,11.351,133.349,19.715935,0.25755364,339.01688,-0.37489322,4.180435918266107,1037,52826,279,SDSS_specObj
1119,320.414,0.8947,0.29647,0.8034,10.804,164.43399,24.469582,0.29784596,320.41283999999996,0.89520349,4.551934736123933,4193,55476,545,SDSS_specObj
1241,337.672,-0.7766,0.0887,-0.551806,9.91509,110.09914,12.900499,0.08982253,337.67148,-0.77624824,2.2599441102362343,4203,55447,378,SDSS_specObj
1253,323.799,0.1631,0.26175,-0.927163,11.153,134.3138,13.652294,0.2630978,323.79858,0.16283187,1.7938416364230134,4195,55452,583,SDSS_specObj
12843,323.878,-0.9803,0.16606,-1.02597,11.258,167.98506,9.985967,0.16695152,323.87851,-0.97964373,2.9919318904601555,989,52468,122,SDSS_specObj
12856,332.866,0.756,0.17042,0.86254,10.352,123.164055,34.358982,0.17167257,332.86538,0.75559,2.67573040222915,1104,52912,335,SDSS_specObj
12860,323.694,1.1759,0.12058,-0.302934,10.1701,111.14835,27.169424,0.12172147,323.69498,1.1754142,3.937019873318928,4194,55450,953,SDSS_specObj
12881,10.1623,-0.0736,0.23685,0.86995,9.679,152.43494,64.53134,0.23813412,10.162439000000006,-0.073600249,0.5004003900561944,3589,55186,436,SDSS_specObj
12927,41.7861,0.7751,0.18906,0.094624,10.401,109.233284,17.393103,0.18977956,41.785706000000005,0.77526977,1.544351491405342,4240,55455,948,SDSS_specObj
12950,351.667,-0.8403,0.08167,-0.396496,9.42557,17.430979,34.611286,0.08265727,351.66727,-0.84060943,1.478330433745214,383,51818,57,SDSS_specObj
12983,16.4588,0.1448,0.26408,-0.043308,10.418,274.71896,74.03917,0.26535085,16.458322,0.14537886,2.702546242065293,1082,52523,496,SDSS_specObj
13025,341.567,0.4159,0.22299,0.8684,10.836,94.1653,17.654787,0.22437228,341.5677800000001,0.41622812,3.046269400621287,4205,55454,724,SDSS_specObj
130308,213.238,52.7437,0.08245,-1.01914,10.1141,104.52628,14.950497,0.08177322,213.23699,52.743585,2.2397646500693638,1325,52762,207,SDSS_specObj
13044,332.543,0.5033,0.12472,-0.017798,10.0637,46.040478,36.89389,0.12589628,332.543,0.50388282,2.098151999999434,4200,55499,606,SDSS_specObj
13045,345.025,0.5377,0.17931,-0.084895,10.574,72.11293,10.350081,0.18057531,345.02493000000004,0.53755007,0.5956729910176948,4207,55475,726,SDSS_specObj
13070,357.785,-0.7463,0.19733,0.96631,10.267,206.09885,47.665726,0.19853325,357.78492,-0.746575,1.031033424925461,1538,52937,96,SDSS_specObj
13072,334.96,0.0244,0.22928,0.40235,10.874,732.2699,73.1823,0.23063304,334.96065,0.023678699,3.495477757712242,374,51791,637,SDSS_specObj
13099,359.819,-1.2504,0.26463,0.29704,10.86,99.48653,33.35868,0.26602536,359.81864,-1.25071,1.7100502855292634,1489,52991,123,SDSS_specObj
13152,7.0521,0.118,0.20231,0.28737,9.387,850.0,-3.0,0.2035296,7.052161699999999,0.11798027,0.23319961825394003,4220,55447,818,SDSS_specObj
1315259,40.8641,-1.6036,0.22818,-0.491116,11.5,203.65636,6.566676,0.22896284,40.86360400000001,-1.6024094,4.642955939349389,4342,55531,596,SDSS_specObj
1316,334.864,0.4945,0.21578,0.68739,9.835,522.44653,110.27928,0.21710731,334.86385999999993,0.49411549,1.4731280996055622,4201,55443,726,SDSS_specObj
13254,42.0587,-0.347,0.18004,0.52413,10.005,61.882286,34.54668,0.18066208,42.058697,-0.346808,0.6912843667579461,1511,52946,148,SDSS_specObj
13305,331.1,0.6912,0.2135,1.02285,10.055,34.739582,84.32741,0.21481177,331.10015999999996,0.69078641,1.5964405483152952,4198,55480,986,SDSS_specObj
1334084,41.734,-0.6906,0.13366,-0.905296,9.74734,21.168056,62.291714,0.13419081,41.734073,-0.69061983,0.2723050735859231,409,51871,185,SDSS_specObj
1334644,35.1072,-5.7725,0.28814,-1.76264,11.217,240.54645,15.32522,0.28919905,35.108272,-5.772817,4.005632360071331,4391,55866,682,SDSS_specObj
13354,27.5648,-0.8873,0.15671,1.04984,10.472,160.66379,7.9062734,0.12513864,27.563816,-0.88769146,3.8120322231566353,402,51793,214,SDSS_specObj
13511,40.6124,-0.7941,0.23664,-1.55732,11.411,184.79349,15.377686,0.23737495,40.611271,-0.794222,4.087672994690979,1510,52992,60,SDSS_specObj
13610,326.015,0.7263,0.29692,0.13994,10.471,32.44382,169.59966,0.29825577,326.01425,0.72550522,3.9338710119039186,1108,53227,498,SDSS_specObj
13655,39.0202,-0.9942,0.26184,-1.28381,11.238,189.31644,19.898819,0.26275247,39.020812999999976,-0.99437838,2.298016437229534,3744,55209,18,SDSS_specObj
13689,4.0161,0.8076,0.25043,1.16931,10.45,73.39864,43.922245,0.25180966,4.015255000000025,0.80836301,4.098418217522921,4218,55479,870,SDSS_specObj
1371,349.374,0.4294,0.11818,0.79096,10.5372,182.91559,10.495978,0.11901512,349.37373,0.42966207,1.3545599209781995,382,51816,486,SDSS_specObj
13727,317.588,0.9326,0.22543,1.32135,9.953,15.946075,46.671833,0.2266142,317.58734000000004,0.93232391,2.575221507579364,4191,55444,674,SDSS_specObj
13796,350.692,0.5329,0.14747,0.79596,9.66952,47.22556,20.962997,0.14872202,350.69196,0.53228413,2.2218029871644855,4211,55446,526,SDSS_specObj
13835,6.0596,-0.2483,0.24617,0.63307,10.507,67.80288,16.887777,0.24753135,6.059367199999997,-0.24925189,3.527796833611332,4220,55447,452,SDSS_specObj
13956,20.9418,0.8167,0.26303,-1.19961,10.757,144.11702,93.35359,0.42914224,20.941472999999974,0.8162461,2.0138533142321893,4228,55484,880,SDSS_specObj
140181,183.738,46.845,0.10246,0.78345,9.67327,43.098244,25.447367,0.101544015,183.73758,46.844625,1.7005920969177022,1451,53117,267,SDSS_specObj
14261,328.24,0.2538,0.28446,0.67229,9.135,850.0,-3.0,0.28588003,328.24036,0.25367779,1.3686286351676882,4197,55479,780,SDSS_specObj
14284,49.0493,-0.6009,0.1805,-0.286147,10.572,110.52564,21.296923,0.18107092,49.049369,-0.60099187,0.4136174902864359,803,52264,25,SDSS_specObj
14331,7.8887,-0.1358,0.2199,0.18256,9.696,126.47177,48.479282,0.22119492,7.889097699999979,-0.13551955,1.7518970321339637,4220,55447,39,SDSS_specObj
14421,31.8299,1.2521,0.17417,-0.675014,11.5,175.30858,11.950786,0.17490306,31.829941,1.2520053,0.3714859414878735,404,51812,565,SDSS_specObj
14437,332.081,-1.1964,0.14806,0.61897,9.91097,90.80459,17.331768,0.14927453,332.08096,-1.196331,0.28710541707542475,4199,55481,124,SDSS_specObj
14481,2.6817,0.2013,0.2422,-1.04131,11.215,185.70041,11.950869,0.24357116,2.681463000000008,0.20185348,2.1675121823208885,4217,55478,940,SDSS_specObj
14735,35.158,0.3484,0.29947,0.008509,10.326,160.4452,38.837124,0.30047348,35.15847400000001,0.34807837,2.062123105370151,4236,55479,995,SDSS_specObj
14846,7.6632,0.1416,0.22349,0.65798,11.075,104.09097,9.411927,0.2247848,7.662617699999998,0.14200288,2.549103814604023,4221,55443,576,SDSS_specObj
15129,318.902,-0.3214,0.19621,-0.68294,10.971,121.004845,14.113771,0.19827604,318.9021,-0.32170829,1.1667688813589268,1026,52558,176,SDSS_specObj
15161,35.8429,0.819,0.24865,-0.242653,11.065,83.28799,22.609337,0.24953662,35.842633,0.819039,0.9713026441061854,1508,52944,452,SDSS_specObj
15201,337.519,0.0036,0.20748,-1.87784,11.312,186.87434,11.405464,0.20882322,337.51892,0.00312606,1.730320155815804,4203,55447,600,SDSS_specObj
15203,15.7347,0.1831,0.20329,1.12434,10.219,95.192154,20.02387,0.20442186,15.734774000000016,0.18302006,0.3921579608212343,4226,55475,535,SDSS_specObj
15219,34.6111,0.2267,0.2465,-0.144574,11.081,182.84267,17.7001,0.24751587,34.61076700000001,0.22611786,2.414347583715935,4237,55478,605,SDSS_specObj
15222,2.8534,0.7027,0.19817,-1.31897,11.5,172.98434,18.933916,0.19942957,2.8524105,0.70200047,4.362251407940237,388,51793,584,SDSS_specObj
15234,16.9583,0.8282,0.13535,0.89204,9.98362,118.69451,22.858309,0.1363047,16.958075,0.828592,1.6270981218082612,1498,52914,577,SDSS_specObj
15356,335.053,0.4099,0.27351,-0.662822,10.743,177.73654,39.789177,0.27487335,335.05331,0.40993521,1.1231470675316684,4201,55443,773,SDSS_specObj
15365,354.557,1.2491,0.18667,0.80934,11.178,129.0864,11.145564,0.18800247,354.55664,1.2490666,1.3012592048573484,4213,55449,622,SDSS_specObj
15421,33.7416,0.6025,0.18459,0.20985,10.166,38.628582,36.034756,0.18536833,33.741277,0.602724,1.4150036172957061,1507,53763,505,SDSS_specObj
15425,55.5611,0.4783,0.15948,0.98515,10.526,110.06734,10.406463,0.1598923,55.561089,0.47835487,0.20146201064478556,1157,52643,492,SDSS_specObj
15433,14.8796,-0.2565,0.2195,-0.028294,10.806,134.44528,15.787509,0.22075565,14.879389000000003,-0.25672784,1.1179212835398695,3735,55209,480,SDSS_specObj
15440,39.7207,0.0901,0.26141,-0.545934,10.852,96.973755,21.751099,0.26226586,39.720573,0.090104888,0.4575379442488727,3651,55247,520,SDSS_specObj
15443,49.8674,-0.318,0.18136,1.58154,10.339,140.2789,32.10936,0.18190828,49.867447,-0.31798801,0.1746164054487084,1565,53002,176,SDSS_specObj
15459,340.701,-0.9018,0.1256,0.37953,8.73681,178.32457,64.33542,0.12678935,340.70145,-0.90175892,1.62653644482169,4204,55470,50,SDSS_specObj
15461,326.848,-0.4947,0.18493,-0.163539,10.516,94.81687,23.947374,0.18620348,326.84821,-0.49476256,0.7888064623902997,4196,55478,146,SDSS_specObj
15466,317.645,-0.1232,0.24444,-1.06261,10.622,74.057594,16.988384,0.24615273,317.64542000000006,-0.12273683,2.2508656663971984,4191,55444,374,SDSS_specObj
15467,320.02,-0.1774,0.20856,0.82038,10.43,119.20972,53.61706,0.21041203,320.02009,-0.177353,0.3655183085883922,1523,52937,21,SDSS_specObj
15508,27.169,-0.5766,0.13372,0.88393,9.13587,45.400455,25.769608,0.13463846,27.16943900000001,-0.5757805,3.346803193498236,4232,55447,278,SDSS_specObj
15648,313.718,-0.1948,0.17392,-1.3803,11.339,245.29515,17.38925,0.17501742,313.7188,-0.19581345,4.648147170515654,983,52443,114,SDSS_specObj
15868,38.0998,-0.7136,0.24986,0.32497,10.387,129.72841,55.511734,0.25076577,38.100352999999984,-0.71407967,2.635251252091984,3745,55234,423,SDSS_specObj
15872,36.7225,-0.3278,0.20562,0.76107,9.66,82.79831,37.82548,0.20647661,36.72240399999998,-0.32782936,0.3613960357445558,3615,55179,352,SDSS_specObj
15897,11.6814,-1.0329,0.17374,-2.41302,10.816,210.49306,29.081297,0.17497157,11.681599000000006,-1.0324991,1.6112119493218058,3589,55186,128,SDSS_specObj
15901,31.9763,-0.5354,0.20382,0.059763,9.969,127.12231,38.23912,0.2048478,31.976269000000002,-0.53534274,0.2344046141062203,4235,55451,304,SDSS_specObj
16021,13.8437,-0.3888,0.12357,-0.33583,9.49127,60.829166,21.012653,0.124625474,13.84384799999998,-0.38922486,1.619635998624941,4224,55481,188,SDSS_specObj
16069,341.246,-1.0066,0.12706,0.89709,10.179,151.64874,21.197166,0.12876529,341.24505,-1.0063945,3.498584718842441,378,52146,135,SDSS_specObj
16072,3.1244,-0.9773,0.28446,0.25329,10.943,119.39468,17.956005,0.28588015,3.124561299999982,-0.97782979,1.9936576413082283,4218,55479,325,SDSS_specObj
16073,8.1078,-1.054,0.15357,0.73651,9.751,158.05244,39.341618,0.15473202,8.107653599999992,-1.0539264,0.5898143618284257,3587,55182,452,SDSS_specObj
16116,355.302,-1.1058,0.15526,0.53168,9.52,426.30597,147.76227,0.15650555,355.30219,-1.1059685,0.9141363607120745,4213,55449,174,SDSS_specObj
16206,5.7882,-0.0536,0.15856,-2.62037,10.927,183.08414,9.806037,0.15970618,5.788312000000019,-0.053570629,0.41683343791875793,4219,55480,146,SDSS_specObj
16259,352.03,0.8564,0.11792,-1.4998,10.994,850.0,-3.0,0.34600127,352.02997000000005,0.85634999,0.20993893325531518,4211,55446,798,SDSS_specObj
16281,352.942,-0.6681,0.18522,-0.815183,10.394,99.17235,14.675812,0.18654193,352.94219999999996,-0.66806749,0.7294017724761775,4212,55447,386,SDSS_specObj
16350,323.639,-0.8858,0.23693,-0.956479,10.79,87.425316,15.053366,0.23827386,323.63879,-0.88496916,3.085064683563034,4195,55452,451,SDSS_specObj
16482,328.71,0.9337,0.20948,-2.22105,11.5,250.00107,10.462658,0.21001771,328.71109,0.93305119,4.566098919042205,4197,55479,868,SDSS_specObj
17168,339.724,-1.1671,0.18389,0.54542,9.757,59.30392,44.808964,0.1851784,339.72362999999996,-1.1672342,1.416648431984762,4204,55470,284,SDSS_specObj
17215,54.9264,1.0923,0.18092,0.29117,11.331,149.24696,14.671184,0.18136407,54.927413,1.0926785,3.8924278287831986,416,51811,411,SDSS_specObj
17218,356.172,-0.0301,0.17713,-0.7975,10.158,76.93567,19.980497,0.17838484,356.17178,-0.03010626,0.7923204517224836,4214,55451,396,SDSS_specObj
17220,9.7015,-0.1792,0.17786,1.85173,10.863,150.223,25.318008,0.17907767,9.701368300000013,-0.1792639,0.526978155399088,3589,55186,496,SDSS_specObj
17332,43.7735,-0.1474,0.18217,-0.208196,10.604,86.68014,34.38674,0.18285722,43.772488,-0.147688,3.7878453589873717,1562,53052,164,SDSS_specObj
17340,41.2121,0.3648,0.25637,-0.045383,11.443,169.10439,22.46956,0.25709248,41.213383,0.36531401,4.975596527928754,1561,53032,375,SDSS_specObj
17389,323.295,-0.9601,0.16971,1.11247,9.891,15.219528,66.88474,0.17088665,323.29501000000005,-0.9600833,0.07007175279445839,4194,55450,173,SDSS_specObj
17497,37.1366,-1.0421,0.14404,0.90707,10.0189,85.71771,26.481575,0.14482075,37.13647800000001,-1.0428232,2.6402933893291665,3744,55209,444,SDSS_specObj
17552,322.321,-1.0032,0.25199,1.31187,10.693,312.65982,96.70366,0.2533397,322.32125999999994,-1.0028009,1.7146739767195351,4194,55450,412,SDSS_specObj
17605,309.203,0.0984,0.14542,0.80389,10.2332,166.99854,17.159225,0.14642988,309.20254,0.098497002,1.6924164888749604,981,52435,334,SDSS_specObj
17629,30.6364,-1.0892,0.13658,-0.34633,10.6342,147.46704,12.44157,0.13681537,30.636483,-1.0899535,2.7290012672410127,404,51812,285,SDSS_specObj
17809,6.3646,-0.8396,0.28758,1.7352,9.84,81.41434,65.89889,0.2889638,6.364948700000014,-0.83933519,1.5761666937006173,4219,55480,52,SDSS_specObj
17875,20.9834,1.255,0.23125,1.16427,10.702,41.367558,32.336433,0.23238547,20.98374000000001,1.2550799,1.2570576931651174,4314,55855,252,SDSS_specObj
180166,242.843,55.0642,0.14778,0.60099,10.0333,65.67755,11.974442,0.14750443,242.84182999999996,55.063923,2.6100512864563488,7564,56804,784,SDSS_specObj
18030,4.933,-0.4001,0.15536,-0.586144,9.658,128.6501,51.214752,0.15641342,4.93321,-0.400095,0.7561958284071164,1492,52932,182,SDSS_specObj
18323,3.4286,0.6522,0.15291,0.1555,9.359,98.96409,89.900406,0.1540853,3.4286577999999963,0.65235343,0.5902372304745095,4218,55479,720,SDSS_specObj
18325,8.9057,0.37,0.25736,0.40554,11.5,197.06195,14.400687,0.25865322,8.906866999999977,0.36951026,4.556066400475079,3587,55182,738,SDSS_specObj
18415,337.478,1.0586,0.12958,-1.6309,10.6005,154.86613,27.482243,0.13097382,337.47751,1.05847,1.824735057071134,1102,52883,445,SDSS_specObj
18463,17.566,0.472,0.267,0.94365,10.244,33.0786,105.73097,0.26827267,17.56642199999999,0.47198729,1.519837370069702,4226,55475,882,SDSS_specObj
18602,338.984,0.6092,0.13713,0.90996,8.85232,414.82697,110.54217,0.13834025,338.9837,0.60910069,1.1375789440090602,4203,55447,922,SDSS_specObj
18612,12.2879,0.597,0.11388,-0.737167,10.2452,118.822655,9.369551,0.11492845,12.288009,0.59660431,1.4775370454988956,394,51812,385,SDSS_specObj
18697,11.2239,-0.9971,0.10661,0.73545,9.67706,118.89394,19.662638,0.10726174,11.2242,-0.996865,1.3717736223268806,1085,52531,92,SDSS_specObj
18749,12.5473,0.6754,0.18948,-1.40939,11.172,179.79614,10.444919,0.19061482,12.546583999999996,0.67571213,2.8117126319482986,3590,55201,870,SDSS_specObj
18809,50.8813,0.6666,0.13169,-1.16804,10.6395,259.09427,14.26115,0.13218547,50.88065,0.66728731,3.4054511842358823,413,51821,632,SDSS_specObj
18835,53.6851,0.3555,0.12278,0.75966,10.1221,112.93179,12.089942,0.12318581,53.68539,0.3555,1.0439799043027176,1063,52591,510,SDSS_specObj
18940,10.349,0.412,0.21114,-0.841378,10.226,62.08552,34.948162,0.2123894,10.348688999999979,0.41179135,1.3482027587839658,3589,55186,612,SDSS_specObj
18965,13.5091,1.069,0.20469,-0.612498,10.63,63.98971,17.86901,0.20590138,13.509206000000006,1.0689049,0.5126190100560905,4224,55481,709,SDSS_specObj
19002,42.6154,-0.5512,0.27021,0.34724,10.716,124.879364,16.638031,0.2710299,42.616196,-0.55117867,2.866496088624225,4241,55450,146,SDSS_specObj
19027,328.884,-0.372,0.29123,0.5424,9.592,850.0,-3.0,0.2926199,328.88406,-0.37179989,0.752080069605206,4197,55479,104,SDSS_specObj
190340,334.134,0.4733,0.1384,0.50784,10.0088,95.99868,21.201818,0.13958661,334.13498,0.47340226,3.5470351849184563,1034,52525,569,SDSS_specObj
19051,351.375,0.4231,0.27631,0.73313,11.292,179.36401,11.473957,0.27777293,351.37527,0.42340776,1.4738570567916367,4211,55446,648,SDSS_specObj
19149,31.46,-0.3319,0.21037,1.04946,9.612,67.90607,31.59656,0.21128665,31.460413000000017,-0.33256024,2.8035660131296805,4235,55451,424,SDSS_specObj
19174,25.6597,1.0304,0.16375,-0.75334,11.02,187.42151,8.235587,0.16614617,25.659770999999978,1.0303563,0.3000996769146149,3639,55205,826,SDSS_specObj
19230,332.891,0.7648,0.22017,-1.64141,10.516,113.404335,19.561714,0.2215011,332.89102,0.764727,0.272482873735187,4200,55499,674,SDSS_specObj
19341,15.8603,0.3314,0.23556,-1.526,11.015,201.97382,15.561692,0.23672608,15.860847999999976,0.33160189,2.1023923543720726,3736,55214,530,SDSS_specObj
19353,43.1144,0.2518,0.15341,0.90998,11.004,59.59111,30.605549,0.15403427,43.113285,0.25173599,4.020570313368388,1562,53052,400,SDSS_specObj
19794,359.319,0.2494,0.2958,-2.38106,11.367,262.66302,26.79631,0.29697755,359.3191,0.24849324,3.284126531391755,684,52523,640,SDSS_specObj
1992G,159.077,37.3212,0.00692,-0.216055,10.0995,66.1238,8.254169,0.0058366144,159.07776,37.320372,3.6904382362848427,8853,57459,898,SDSS_specObj
19953,332.931,0.5791,0.12207,0.72853,9.37542,87.808815,38.13038,0.123225346,332.93036000000006,0.57932967,2.447752357031548,4200,55499,684,SDSS_specObj
1995ac,341.392,-8.7513,0.0486,0.7562,10.3844,147.05194,7.102978,0.04990442,341.39197,-8.750724,2.0763455818542864,723,52201,430,SDSS_specObj
19969,31.9105,-0.324,0.17444,0.063822,10.367,46.482933,28.057224,0.17524233,31.909823,-0.324033,2.4400547776655404,1506,53003,155,SDSS_specObj
1997Y,191.381,54.7381,0.01705,-1.06703,10.0796,124.41219,5.973248,0.015951611,191.3829,54.737618,4.313280408861516,1038,52673,191,SDSS_specObj
1998aq,179.108,55.1287,0.00349,-0.45159,10.199,72.23309,13.621585,0.0036479866,179.10722999999996,55.129482,3.2306422508491446,8229,57430,470,SDSS_specObj
19990,34.8064,-0.3848,0.24896,-1.31072,10.628,100.411194,20.073055,0.24984002,34.806015,-0.38454798,1.6565180027407775,4236,55479,28,SDSS_specObj
1999dk,22.8622,14.2849,0.01389,0.54421,9.64099,349.3705,191.92325,0.015070226,22.862176,14.284745,0.5642468254576581,425,51884,166,SDSS_specObj
2002bf,153.926,55.6685,0.02525,-2.2722,10.3104,120.68633,2.9869337,0.024375958,153.92607,55.667498,3.609998795386261,946,52407,155,SDSS_specObj
2002de,244.127,35.7084,0.0295,0.32358,9.07466,150.54811,5.8612976,0.027893884,244.12782,35.708015,2.768884076754623,1056,52764,88,SDSS_specObj
20039,9.8786,1.0243,0.24553,0.79173,11.428,161.93884,10.884794,0.24688874,9.879425099999992,1.0236957,3.681430953451364,3587,55182,908,SDSS_specObj
2003kc,146.643,30.6553,0.03479,-0.627251,10.3635,119.52354,27.360422,0.033728503,146.64288999999997,30.655364,0.4112574896847966,11379,58438,500,SDSS_specObj
20040,328.879,0.8151,0.28665,1.11566,10.257,89.87031,28.855774,0.2880889,328.87942999999996,0.81508545,1.5487293924700156,4197,55479,908,SDSS_specObj
20048,339.308,0.7364,0.18402,-0.676762,10.86,190.47208,13.3515415,0.18531778,339.30810999999994,0.73629231,0.5541561012735335,4204,55470,638,SDSS_specObj
2004L,156.767,16.0187,0.03373,-1.03269,10.1437,93.97603,4.0562134,0.032293096,156.76647,16.017943,3.2848096018741835,2590,54175,633,SDSS_specObj
2004gu,191.603,11.9489,0.04664,1.42917,10.026,38.65651,13.117509,0.045586728,191.60341,11.949563,2.789623619848916,1694,53472,141,SDSS_specObj
2005bg,184.322,16.3716,0.02434,0.38747,9.73321,70.31838,6.2290535,0.023030378,184.32184,16.371623,0.5588136840272186,2597,54231,288,SDSS_specObj
2005hc,29.1998,-0.2137,0.04575,0.42521,7.0,92.88737,22.478983,0.046467576,29.199788000000012,-0.213723,0.0933919377240788,4233,55449,204,SDSS_specObj
2005hj,21.7017,-1.2381,0.05708,1.61884,9.22407,850.0,-3.0,0.057418585,21.701904,-1.238149,0.7551215168997569,1501,53740,188,SDSS_specObj
2005ir,19.1825,0.7946,0.0752,0.72205,9.78987,49.5344,12.389056,0.07632896,19.18279,0.79361496,3.6966016707487412,398,51789,378,SDSS_specObj
2005ku,344.927,-0.0137,0.04439,-0.1945,9.64568,49.629807,10.877623,0.045415632,344.92784,-0.013556727,3.067671328387833,380,51792,192,SDSS_specObj
2005mc,126.776,21.646,0.02626,-1.91661,10.5777,188.0617,2.9991853,0.025148604,126.77484,21.64529,4.64750888323653,1927,53321,587,SDSS_specObj
20064,358.586,-0.9176,0.10374,0.81627,10.7045,110.32798,14.568047,0.1052365,358.5863,-0.9172169,1.7516230450889323,386,51788,2,SDSS_specObj
2006al,159.868,5.1834,0.06886,-1.43923,10.5011,116.82588,7.5946326,0.06780233,159.86889,5.1836588,3.3241316184947816,578,52339,326,SDSS_specObj
2006hx,18.4888,0.3717,0.04487,-0.133588,10.1086,122.734375,5.3598933,0.04538947,18.48826,0.37142512,2.1813348887618207,397,51794,550,SDSS_specObj
2006oa,320.929,-0.8435,0.06153,1.27481,8.11091,177.52939,65.56606,0.06255059,320.92896,-0.84307355,1.5419571838340758,1027,52557,117,SDSS_specObj
2006ob,27.9506,0.2633,0.05824,-2.16098,11.0302,102.02777,15.199885,0.058612105,27.950608999999986,0.263313,0.05692080310761264,4232,55447,936,SDSS_specObj
2006on,328.994,-1.0702,0.07089,0.95018,10.2479,72.25963,7.2607546,0.07189542,328.99374,-1.07028,0.979149812071936,1106,52912,283,SDSS_specObj
2006py,340.425,-0.1369,0.05653,0.1865,9.57313,83.14673,9.565673,0.05782516,340.42521,-0.13693406,0.7658768958769403,377,52145,594,SDSS_specObj
2007jd,44.9724,1.1607,0.07222,-0.876053,9.75914,111.97968,19.829548,0.07262332,44.97361,1.1600265,4.984540072729498,411,51817,322,SDSS_specObj
2007jh,54.0064,1.1034,0.04167,-1.96997,10.84,251.23454,4.6648026,0.040743828,54.006625,1.1047554,4.94618955535382,415,51810,571,SDSS_specObj
2007su,334.787,13.1779,0.0274,0.24547,8.47416,32.858288,35.50737,0.027820876,334.78689,13.177906,0.38617664033128307,736,52210,595,SDSS_specObj
20084,347.975,-0.5781,0.13851,0.078701,9.92013,116.11277,44.44873,0.13971314,347.97524999999996,-0.57789331,1.1677236704272334,4209,55478,358,SDSS_specObj
20088,13.2052,0.6315,0.24329,-0.210518,11.383,185.19897,13.525488,0.24463622,13.205362999999977,0.63153464,0.5998695670881302,4223,55451,982,SDSS_specObj
20111,354.394,0.2481,0.2428,-0.025066,10.934,151.333,18.304852,0.24422309,354.39404,0.24743988,2.3807907641929917,4212,55447,971,SDSS_specObj
2016afk,155.625,15.0966,0.04738,-0.290903,9.44086,55.1058,12.008964,0.0456054,155.62445,15.09642,2.0185082548987103,2590,54175,148,SDSS_specObj
2017,328.943,0.5935,0.26172,1.4185,10.547,56.375233,17.269316,0.26315477,328.94390999999996,0.59346459,3.2783036294404226,4197,55479,920,SDSS_specObj
20227,349.12,-0.0985,0.27585,-1.22544,11.046,62.611523,19.59249,0.27732554,349.12005999999997,-0.09891156,1.4972781414719816,4210,55444,438,SDSS_specObj
20376,319.396,-0.5239,0.2084,-1.19101,10.717,152.36325,16.231739,0.21064758,319.39551000000006,-0.52398019,1.78739314473321,4192,55469,346,SDSS_specObj
20625,5.6834,-0.479,0.10707,-0.101771,10.0166,113.46315,16.359781,0.107963935,5.6831558,-0.47939663,1.676784106671619,391,51782,316,SDSS_specObj
20687,16.7181,1.1541,0.19042,-0.621992,10.976,93.83329,11.629753,0.19157039,16.71785699999998,1.1538974,1.1388286297521086,3736,55214,665,SDSS_specObj
20764,26.1208,0.2298,0.16495,-1.41288,11.011,166.0236,13.361664,0.1659537,26.120816999999988,0.22979322,0.06588725378409417,3639,55205,938,SDSS_specObj
21034,28.1414,1.2441,0.10774,0.064478,10.0033,110.77881,25.235996,0.10855829,28.14236,1.24414,3.4581846900571303,1076,52914,510,SDSS_specObj
22075,29.9631,1.2165,0.1292,-1.67195,10.7935,183.93127,9.608787,0.12996359,29.963686,1.2166167,2.1505596621485914,701,52179,409,SDSS_specObj
2308,34.2729,0.2803,0.1494,0.67412,10.3812,142.07185,17.833735,0.27193442,34.27340300000003,0.28078982,2.5275142537282274,4237,55478,532,SDSS_specObj
2372,40.5207,-0.5409,0.17973,0.30922,10.597,101.90217,18.727545,0.18044177,40.52084000000002,-0.54103168,0.6918922336158968,3651,55247,346,SDSS_specObj
2440,42.6337,0.8078,0.19044,0.42606,10.325,52.219772,23.992428,0.19112192,42.633892,0.80733705,1.8042407707248544,4241,55450,877,SDSS_specObj
2689,24.9003,-0.7587,0.16053,1.3874,11.351,282.1734,19.308666,0.16148943,24.900038,-0.75795991,2.826321423008117,401,51788,284,SDSS_specObj
2789,344.202,0.4011,0.28901,-0.791314,11.224,212.45123,18.557976,0.2905498,344.2020299999999,0.4005799,1.8754720468915764,4206,55471,926,SDSS_specObj
2992,55.497,-0.7827,0.12623,-0.956571,9.72723,40.854286,19.78175,0.12660429,55.497311,-0.78294432,1.4236860258512962,1157,52643,217,SDSS_specObj
300105,351.71,-0.7301,0.09205,0.32783,9.04492,76.41772,28.926424,0.093144305,351.7105,-0.730549,2.4191367406911746,1095,52521,95,SDSS_specObj
3080,16.9323,-1.0395,0.17331,0.10905,10.961,194.36356,17.929773,0.1746119,16.931695999999988,-1.039488,2.1744713213367626,3735,55209,54,SDSS_specObj
3087,20.4067,-0.9772,0.16448,0.52853,9.664,146.7218,54.992886,0.16548094,20.406575999999973,-0.97722053,0.45241285503196205,4228,55484,252,SDSS_specObj
3256,329.268,-0.2235,0.10711,-0.424628,9.894,61.926968,19.712942,0.10826043,329.26748999999995,-0.22345789,1.8422339875135676,4197,55479,36,SDSS_specObj
3451,334.069,0.7081,0.24846,0.69046,10.839,122.45769,19.802572,0.24984457,334.06851000000006,0.70778118,2.104413367267689,4200,55499,958,SDSS_specObj
3452,334.672,0.6392,0.22978,0.90942,9.23,521.3608,180.01407,0.2311672,334.6713,0.63951539,2.7638291406904996,4201,55443,648,SDSS_specObj
350080,130.635,43.9989,0.28588,-0.339335,11.229,179.72621,20.425716,0.28543937,130.63503000000003,43.999035,0.49217044196351056,6783,56284,272,SDSS_specObj
3592,19.0524,0.7919,0.08572,-0.153731,10.1853,86.685555,10.322151,0.086421505,19.052887,0.7906068,4.974634714575132,398,51789,362,SDSS_specObj
360156,150.807,1.8953,0.04656,-0.863374,9.8038,78.10343,7.0060973,0.04550716,150.80631,1.8953358,2.4859840462323315,501,52235,198,SDSS_specObj
370308,131.317,43.3857,0.20087,0.72474,11.239,158.10767,17.152569,0.19976738,131.31777,43.38624,2.7995486048039813,6783,56284,129,SDSS_specObj
4000,31.016,-0.3658,0.27668,-1.09129,10.919,120.57803,19.97816,0.27767766,31.016697000000022,-0.36630493,3.0983923973422343,4234,55478,104,SDSS_specObj
420159,333.685,1.2178,0.18073,0.26889,11.338,111.76655,11.630291,0.18219317,333.6842,1.21712,3.779333219947942,1104,52912,458,SDSS_specObj
460105,129.37,44.0453,0.21084,-1.68923,11.5,199.73999,12.496378,0.21018633,129.37011,44.046562,4.55210775375943,762,52232,511,SDSS_specObj
490007,184.268,46.6275,0.05541,-0.205706,9.16275,41.94386,22.13804,0.054393634,184.26859,46.626946,2.4708831145522847,1451,53117,255,SDSS_specObj
500038,150.193,2.5513,0.10794,1.20471,9.73659,139.21597,36.943027,0.106814764,150.19391,2.5512759,3.273902542021191,500,51994,547,SDSS_specObj
5103,359.884,0.7372,0.16077,-0.229473,9.086,850.0,-3.0,0.16199166,359.88431,0.73684562,1.6949436323833866,4216,55477,675,SDSS_specObj
5533,328.67,0.4134,0.21898,-0.502697,9.959,107.131744,72.878006,0.22025602,328.66992000000005,0.41303423,1.3478976911595668,4198,55480,530,SDSS_specObj
5549,3.2505,0.2482,0.12014,0.25819,8.5812,339.19492,208.30226,0.12124707,3.249869100000012,0.24856347,2.621180174700559,4217,55478,992,SDSS_specObj
5550,3.5983,0.3331,0.15511,1.90274,9.564,43.64736,38.576622,0.15627393,3.5984553999999775,0.33323246,0.735087869560881,4218,55479,820,SDSS_specObj
5751,11.6342,0.8382,0.1295,0.76202,10.1354,77.31112,14.558997,0.13060819,11.634364000000005,0.83817077,0.5996419758953735,3590,55201,680,SDSS_specObj
590194,130.237,44.5243,0.09039,0.27044,9.75408,76.49572,17.445494,0.08949331,130.23703,44.52427,0.1326380010625153,762,52232,602,SDSS_specObj
5957,34.7606,-0.2728,0.27935,-0.167927,10.463,72.27491,25.112139,0.28034478,34.759815,-0.27257684,2.937942834901397,4237,55478,392,SDSS_specObj
6057,52.5536,-0.9746,0.06654,-0.423267,9.52798,106.42979,22.010939,0.06705841,52.553682,-0.97448106,0.5200570828750081,415,51810,281,SDSS_specObj
6196,337.631,-0.5027,0.2799,-1.44873,11.406,189.02924,18.951508,0.2813185,337.63120000000004,-0.50238896,1.3312350452264554,4203,55447,386,SDSS_specObj
6249,3.2656,-0.6201,0.29365,0.60496,10.047,110.53382,37.295124,0.2950725,3.2655947000000083,-0.62026061,0.5785106897576917,4218,55479,303,SDSS_specObj
6406,46.0886,-1.063,0.12393,0.12939,10.0062,88.378555,18.186516,0.12448843,46.088626,-1.0631187,0.4374475132095052,709,52205,41,SDSS_specObj
6422,349.139,-0.6632,0.18515,0.81936,9.765,93.35321,41.4711,0.18644077,349.13885000000005,-0.6634341,1.000902261210746,4209,55478,92,SDSS_specObj
6936,323.234,-0.6998,0.17901,0.045589,10.259,52.237263,25.130718,0.18020777,323.23389,-0.70005738,1.0076313104610963,4194,55450,188,SDSS_specObj
7147,350.018,-0.0554,0.10908,-1.94961,10.039,114.69669,6.951071,0.11022433,350.0185200000001,-0.05560598,2.0135154550510914,4210,55444,276,SDSS_specObj
744,329.198,0.3175,0.1271,1.39569,9.90923,105.093056,18.51413,0.12827982,329.19849,0.31704319,2.4116453845679504,4197,55479,964,SDSS_specObj
762,15.5353,-0.879,0.19025,1.13375,11.236,116.699814,14.603806,0.19139792,15.53606,-0.87966157,3.6271475333214647,693,52254,126,SDSS_specObj
7847,32.4599,-0.0618,0.21174,0.15361,10.696,88.52679,18.335474,0.21283267,32.45970199999999,-0.06168699,0.8207306384506696,4236,55479,520,SDSS_specObj
7876,19.1825,0.7946,0.0752,0.46915,9.78646,49.5344,12.389056,0.07632896,19.18279,0.79361496,3.6966016707487412,398,51789,378,SDSS_specObj
8046,39.1168,0.5113,0.25772,0.26195,11.335,236.60013,10.898801,0.25858667,39.11771399999998,0.51183404,3.8107800411595107,3745,55234,762,SDSS_specObj
8213,357.521,-0.9214,0.18484,-0.647946,10.522,37.561413,45.784416,0.18617795,357.52108999999996,-0.92152356,0.550281858882638,4214,55451,87,SDSS_specObj
8495,335.261,-0.7482,0.21365,0.76464,11.034,149.03506,12.379504,0.21496856,335.26105000000007,-0.74841268,0.7865184890830725,4202,55445,484,SDSS_specObj
8719,7.7215,-0.7188,0.1165,0.017727,8.80164,180.61989,68.19324,0.11756764,7.721808399999986,-0.71868826,1.1807858494372958,3587,55182,486,SDSS_specObj
8921,325.002,-0.0079,0.14423,0.73414,9.52063,50.080486,18.1115,0.14540885,325.00198,-0.0080751201,0.6345305039457976,4195,55452,840,SDSS_specObj
9457,335.814,0.253,0.25683,-0.334178,11.129,91.845116,14.658402,0.25825873,335.81461,0.25369483,3.328552784604355,4201,55443,936,SDSS_specObj
9467,328.951,1.1808,0.21897,-1.38838,10.93,143.43494,11.595801,0.22029741,328.95099000000005,1.1813205,1.8741456425222354,4197,55479,954,SDSS_specObj
ASASSN-15jt,197.038,27.8264,0.0239,-2.32675,9.91542,96.099724,3.6028223,0.023063406,197.03794,27.826613,0.7902353922587717,2242,54153,569,SDSS_specObj
ASASSN-15la,213.213,35.7112,0.02902,-1.01539,10.5989,147.33038,3.6674538,0.027821235,213.21349,35.710894,1.8069460722298227,1643,53143,203,SDSS_specObj
ASASSN-15lg,198.887,3.5007,0.02044,-1.2315,9.66664,50.55779,10.270347,0.020171372,198.8863,3.5007681,2.5272170563741803,525,52029,609,SDSS_specObj
ASASSN-15lu,200.304,40.2657,0.03635,-0.590345,9.65851,74.74689,6.2017484,0.035054386,200.30367,40.26576,0.931888029572259,1462,53112,243,SDSS_specObj
ASASSN-15mf,213.595,2.9755,0.02695,-1.14563,10.9913,116.57473,17.863998,0.026023606,213.59468,2.9762424,2.909730528230493,533,51994,449,SDSS_specObj
ASASSN-15mg,233.094,41.8504,0.04408,-1.55653,9.84386,63.88055,9.358886,0.042777665,233.09423,41.849937,1.7772530151992525,1679,53149,536,SDSS_specObj
ASASSN-15mi,210.815,41.6041,0.03585,0.49532,9.51083,51.30217,15.591772,0.034422528,210.81618,41.603769,3.3926039739882263,1346,52822,4,SDSS_specObj
ASASSN-15np,226.511,7.5615,0.03884,-1.06429,10.1408,88.879555,8.792669,0.037668444,226.5111,7.561593,0.4893330743613945,1815,53884,40,SDSS_specObj
ASASSN-15od,35.8049,-4.5172,0.01698,-1.11648,9.51783,54.26812,7.6503377,0.017601635,35.80521599999997,-4.5170853,1.2069007968299086,6369,56217,274,SDSS_specObj
ASASSN-15pn,60.8598,-5.492,0.03909,0.38124,9.1308,22.581768,19.37722,0.038357478,60.859275,-5.4918421,1.965325749552833,465,51910,328,SDSS_specObj
ASASSN-15so,168.546,48.3187,0.00857,-0.714413,10.95,120.87124,3.7266738,0.00702235,168.54539,48.318524,1.5918428020814694,965,52438,305,SDSS_specObj
ASASSN-15uv,126.784,27.8116,0.02153,0.26468,9.45815,43.74586,6.3926654,0.02027939,126.78409,27.810465,4.0960372688038085,1267,52932,494,SDSS_specObj
ASASSN-16bq,212.86,1.286,0.02534,-1.67717,10.6831,204.68684,4.5756702,0.02493512,212.85929,1.2864937,3.1126693433816497,532,51993,5,SDSS_specObj
ASASSN-16ct,228.476,4.7573,0.04306,1.47021,8.98925,39.667923,14.620715,0.04191041,228.47627,4.7571478,1.1128800830014145,1833,54561,192,SDSS_specObj
ASASSN-16fs,221.777,11.5949,0.02944,-1.34003,11.2163,283.10526,4.739243,0.02920517,221.77634,11.593803,4.584050624681881,1712,53531,52,SDSS_specObj
ASASSN-17at,174.64,25.3971,0.02713,-1.46792,10.1022,120.83444,7.3766603,0.025370123,174.64049,25.398098,3.9303310818820565,2505,53856,435,SDSS_specObj
AT2016cor,236.13,16.3035,0.05066,-0.547169,9.59462,29.015347,28.683695,0.049543038,236.13116,16.303904,4.2637910120826685,2518,54243,353,SDSS_specObj
AT2017oz,211.673,30.3188,0.05614,-0.067616,9.48953,69.09604,7.2376523,0.05568857,211.67305,30.318503,1.0804314371053199,2122,54178,562,SDSS_specObj
ATLAS17bas,166.898,22.8514,0.02357,0.80072,8.18544,45.496773,10.406298,0.021906272,166.89774,22.851166,1.2056579689666993,2489,53857,218,SDSS_specObj
Gaia16aki,239.794,14.6416,0.07393,0.59125,9.48062,18.853384,33.164627,0.07363164,239.7932,14.641529,2.79817342294817,2521,54538,155,SDSS_specObj
PS16el,162.802,19.3625,0.0494,-1.31125,9.98418,97.17646,6.919052,0.04780557,162.8022,19.363404,3.324535099928002,2482,54175,416,SDSS_specObj
PS17bii,171.409,7.3336,0.07446,-0.890865,10.167,106.45177,7.253048,0.07339104,171.40992,7.3343923,4.350413340573958,1618,53116,273,SDSS_specObj
PSNJ0859349,134.895,45.9259,0.02938,-0.88688,10.2177,82.61275,4.0496597,0.028119586,134.89411,45.926724,3.7103099155716284,897,52605,530,SDSS_specObj
PTF10icb,193.705,58.8819,0.00993,0.64439,8.8903,38.978317,9.607531,0.00856049,193.70744,58.882324,4.789327114347107,957,52398,137,SDSS_specObj
SN2016esh,241.06,16.6902,0.04583,-1.2223,9.49048,49.546177,12.263507,0.044572867,241.05989,16.690159,0.4070224851295007,2200,53875,267,SDSS_specObj
SN2017cii,248.333,23.7313,0.03289,0.33544,8.8988,49.783024,32.92153,0.03323783,248.33312,23.732358,3.8292758764243167,1571,53174,337,SDSS_specObj
SN2017ckx,117.045,28.2307,0.02858,1.97167,10.2137,167.45117,3.7672982,0.0271341,117.04570999999999,28.230259,2.7553288578352264,4452,55536,184,SDSS_specObj
SN2017cpu,211.969,9.642,0.05502,0.75323,10.521,158.57672,4.0024304,0.054404482,211.96964,9.6412807,3.4445485318851516,1809,53792,544,SDSS_specObj
SN2017ms,156.676,36.6805,0.02591,0.43188,8.61119,69.855034,21.339024,0.024482591,156.67497,36.681448,4.5266116666834355,1957,53415,580,SDSS_specObj
iPTF14bdn,202.687,32.7618,0.01603,1.26874,7.76651,176.55429,94.692795,0.0155792525,202.68675,32.760766,3.7985612227340386,2109,53468,355,SDSS_specObj
iPTF16auf,217.788,27.236,0.01543,0.046602,9.05163,38.075417,10.988327,0.015017969,217.78702,27.236745,4.127089510650989,2137,54206,310,SDSS_specObj
