name,cluster,environment,period_ms,pdot,pdot_source,logP,logPdot_abs,log_b_proxy
J0023-7204C,47 Tuc,globular_cluster,1.2100,5.7568e-20,freire,-2.9172,-19.2398,-11.0785
J0024-7204D,47 Tuc,globular_cluster,0.6800,5.3576e-20,freire,-3.1675,-19.2710,-11.2193
J0024-7205E,47 Tuc,globular_cluster,0.6500,3.5363e-20,freire,-3.1871,-19.4514,-11.3193
J0024-7204F,47 Tuc,globular_cluster,2.6236,6.4500e-20,freire,-2.5811,-19.1904,-10.8858
J0024-7204G,47 Tuc,globular_cluster,4.0404,-4.2150e-20,freire,-2.3936,-19.3752,-10.8844
J0024-7204H,47 Tuc,globular_cluster,0.7700,3.2103e-20,freire,-3.1135,-19.4934,-11.3035
J0024-7204I,47 Tuc,globular_cluster,3.4850,-4.5870e-20,freire,-2.4578,-19.3385,-10.8981
J0023-7203J,47 Tuc,globular_cluster,1.0000,2.1006e-20,freire,-3.0000,-19.6777,-11.3388
J0024-7204L,47 Tuc,globular_cluster,4.3462,-1.2206e-19,freire,-2.3619,-18.9134,-10.6377
J0023-7205M,47 Tuc,globular_cluster,1.0500,3.6766e-20,freire,-2.9788,-19.4345,-11.2067
J0024-7204N,47 Tuc,globular_cluster,3.0539,-2.1870e-20,freire,-2.5151,-19.6602,-11.0876
J0024-7204O,47 Tuc,globular_cluster,2.6433,3.0354e-20,freire,-2.5778,-19.5178,-11.0478
J0024-7204P,47 Tuc,globular_cluster,3.6430,2.4290e-19,freire,-2.4385,-18.6146,-10.5266
J0024-7204Q,47 Tuc,globular_cluster,0.9800,4.0332e-20,freire,-3.0088,-19.3944,-11.2016
J0024-7204R,47 Tuc,globular_cluster,3.4805,1.4837e-19,freire,-2.4584,-18.8287,-10.6435
J0024-7204S,47 Tuc,globular_cluster,2.8304,-2.0540e-20,freire,-2.5482,-19.6874,-11.1178
J0024-7204T,47 Tuc,globular_cluster,7.5885,2.9370e-19,freire,-2.1198,-18.5321,-10.3260
J0024-7203U,47 Tuc,globular_cluster,0.9400,4.3428e-20,freire,-3.0269,-19.3622,-11.1945
J0024-7204V,47 Tuc,globular_cluster,4.8102,2.4105e-19,freire,-2.3178,-18.6179,-10.4679
J0024-7204W,47 Tuc,globular_cluster,2.3523,-8.6553e-20,freire,-2.6285,-19.0627,-10.8456
J0024-7201X,47 Tuc,globular_cluster,3.8300,4.7715e-20,freire,-2.4168,-19.3213,-10.8691
J0024-7204Y,47 Tuc,globular_cluster,2.1967,-3.5172e-20,freire,-2.6582,-19.4538,-11.0560
J0024-7204Z,47 Tuc,globular_cluster,4.5545,-4.5600e-21,freire,-2.3416,-20.3410,-11.3413
J0024-7204aa,47 Tuc,globular_cluster,3.6908,-9.1780e-20,freire,-2.4329,-19.0373,-10.7351
J0024-7204ab,47 Tuc,globular_cluster,3.7046,9.8440e-21,freire,-2.4313,-20.0068,-11.2190
J0024-7204ac,47 Tuc,globular_cluster,2.7400,2.4460e-19,freire,-2.5622,-18.6115,-10.5869
J0024-7204ad,47 Tuc,globular_cluster,3.7400,2.4410e-19,freire,-2.4271,-18.6124,-10.5198
J0024-7204ae,47 Tuc,globular_cluster,3.8700,2.4300e-19,freire,-2.4123,-18.6144,-10.5133
J0024-7204af,47 Tuc,globular_cluster,2.9978,2.4210e-19,freire,-2.5232,-18.6160,-10.5696
J0024-7204ag,47 Tuc,globular_cluster,9.7600,2.4450e-19,freire,-2.0106,-18.6117,-10.3111
J0024-7204ah,47 Tuc,globular_cluster,3.0700,2.4360e-19,freire,-2.5129,-18.6133,-10.5631
J0024-7204ai,47 Tuc,globular_cluster,13.0200,2.4470e-19,freire,-1.8854,-18.6114,-10.2484
J0024-7204aj,47 Tuc,globular_cluster,6.3500,2.4370e-19,freire,-2.1972,-18.6131,-10.4052
J0024-7204ak,47 Tuc,globular_cluster,3.5200,2.3910e-19,freire,-2.4535,-18.6214,-10.5374
J0024-7204al,47 Tuc,globular_cluster,2.6700,2.4130e-19,freire,-2.5735,-18.6174,-10.5955
J0024-7204am,47 Tuc,globular_cluster,4.1630,2.4610e-19,freire,-2.3806,-18.6089,-10.4947
J0024-7204an,47 Tuc,globular_cluster,2.6100,2.4100e-19,freire,-2.5834,-18.6180,-10.6007
J0024-7204ao,47 Tuc,globular_cluster,1.8700,2.3600e-19,freire,-2.7282,-18.6271,-10.6776
J0024-7204ap,47 Tuc,globular_cluster,5.1100,2.4300e-19,freire,-2.2916,-18.6144,-10.4530
J0024-7204aq,47 Tuc,globular_cluster,3.0400,2.3600e-19,freire,-2.5171,-18.6271,-10.5721
J0024-7204ar,47 Tuc,globular_cluster,9.7500,2.4100e-19,freire,-2.0110,-18.6180,-10.3145
J0024-7204as,47 Tuc,globular_cluster,4.0100,2.4610e-19,freire,-2.3969,-18.6089,-10.5029
J0103-7050A,NGC 362,globular_cluster,4.9690,2.5200e-19,freire,-2.3037,-18.5986,-10.4512
J0103-7050B,NGC 362,globular_cluster,2.2450,2.5600e-19,freire,-2.6488,-18.5918,-10.6203
J0103-7050C,NGC 362,globular_cluster,7.3540,2.5000e-19,freire,-2.1335,-18.6021,-10.3678
J0103-7050D,NGC 362,globular_cluster,3.4380,2.4600e-19,freire,-2.4637,-18.6091,-10.5364
J0102-7050G,NGC 362,globular_cluster,4.4500,2.4600e-19,freire,-2.3516,-18.6091,-10.4804
J0103-7050H,NGC 362,globular_cluster,7.9600,2.4800e-19,freire,-2.0991,-18.6055,-10.3523
J0103-7050I,NGC 362,globular_cluster,2.7800,2.4700e-19,freire,-2.5560,-18.6073,-10.5816
J0102-7050J,NGC 362,globular_cluster,5.8300,2.4500e-19,freire,-2.2343,-18.6108,-10.4226
J0103-7050K,NGC 362,globular_cluster,2.6700,2.4550e-19,freire,-2.5735,-18.6099,-10.5917
J0103-7050L,NGC 362,globular_cluster,2.4600,2.5010e-19,freire,-2.6091,-18.6019,-10.6055
J0514-4002A,NGC 1851,globular_cluster,4.9906,2.3540e-20,freire,-2.3018,-19.6282,-10.9650
J0514-4002B,NGC 1851,globular_cluster,2.8163,5.2076e-19,freire,-2.5503,-18.2834,-10.4168
J0514-4002C,NGC 1851,globular_cluster,5.5648,5.2053e-19,freire,-2.2546,-18.2836,-10.2691
J0514-4002D,NGC 1851,globular_cluster,4.5542,5.2219e-19,freire,-2.3416,-18.2822,-10.3119
J0514-4002E,NGC 1851,globular_cluster,5.5960,1.9328e-19,freire,-2.2521,-18.7138,-10.4830
J0514-4002F,NGC 1851,globular_cluster,4.3294,5.1620e-19,freire,-2.3636,-18.2872,-10.3254
J0514-4002G,NGC 1851,globular_cluster,3.8028,5.0959e-19,freire,-2.4199,-18.2928,-10.3563
J0514-4002H,NGC 1851,globular_cluster,5.5061,5.2226e-19,freire,-2.2592,-18.2821,-10.2706
J0514-4002J,NGC 1851,globular_cluster,6.6329,5.2017e-19,freire,-2.1783,-18.2839,-10.2311
J0514-4002K,NGC 1851,globular_cluster,4.6920,5.1928e-19,freire,-2.3286,-18.2846,-10.3066
J0514-4002L,NGC 1851,globular_cluster,2.9588,5.1245e-19,freire,-2.5289,-18.2903,-10.4096
J0514-4002M,NGC 1851,globular_cluster,4.7978,5.1678e-19,freire,-2.3190,-18.2867,-10.3028
J0514-4002N,NGC 1851,globular_cluster,5.5679,5.1068e-19,freire,-2.2543,-18.2919,-10.2731
J0514-4002O,NGC 1851,globular_cluster,3.0760,5.2050e-19,freire,-2.5120,-18.2836,-10.3978
J0524-2431A,M79,globular_cluster,4.6800,6.2300e-19,freire,-2.3298,-18.2055,-10.2676
J0912-6451A,NGC 2808,globular_cluster,5.5730,1.0870e-18,freire,-2.2539,-17.9638,-10.1088
J0912-6451B,NGC 2808,globular_cluster,3.0870,1.0910e-18,freire,-2.5105,-17.9622,-10.2363
J0912-6451C,NGC 2808,globular_cluster,3.9300,1.0880e-18,freire,-2.4056,-17.9634,-10.1845
J0912-6451D,NGC 2808,globular_cluster,6.5100,1.0960e-18,freire,-2.1864,-17.9602,-10.0733
J0912-6451E,NGC 2808,globular_cluster,3.4100,1.0860e-18,freire,-2.4672,-17.9642,-10.2157
B1310+18(A),M53,globular_cluster,0.5300,3.3163e-19,freire,-3.2757,-18.4793,-10.8775
J1312+1810B,M53,globular_cluster,6.2423,-1.7460e-20,freire,-2.2047,-19.7580,-10.9813
J1312+1810C,M53,globular_cluster,12.5351,5.2600e-20,freire,-1.9019,-19.2790,-10.5904
J1312+1810D,M53,globular_cluster,6.0697,2.2600e-20,freire,-2.2168,-19.6459,-10.9314
J1312+1810E,M53,globular_cluster,3.9721,-7.5800e-21,freire,-2.4010,-20.1203,-11.2607
J1326-4728A,Omega Centauri,globular_cluster,4.1088,2.7380e-20,freire,-2.3863,-19.5626,-10.9744
J1326-4728B,Omega Centauri,globular_cluster,4.7919,-5.4330e-20,freire,-2.3195,-19.2650,-10.7922
J1326-4728C,Omega Centauri,globular_cluster,6.8679,9.8000e-21,freire,-2.1632,-20.0088,-11.0860
J1326-4728D,Omega Centauri,globular_cluster,4.5788,-4.1100e-20,freire,-2.3392,-19.3862,-10.8627
J1326-4728E,Omega Centauri,globular_cluster,4.2077,1.6280e-20,freire,-2.3760,-19.7883,-11.0821
J1326-4728F,Omega Centauri,globular_cluster,2.2730,9.8290e-19,freire,-2.6434,-18.0075,-10.3254
J1326-4728G,Omega Centauri,globular_cluster,3.3040,9.9690e-19,freire,-2.4810,-18.0013,-10.2412
J1326-4728H,Omega Centauri,globular_cluster,2.5203,9.8090e-19,freire,-2.5985,-18.0084,-10.3035
J1326-4728I,Omega Centauri,globular_cluster,18.9500,1.0222e-18,freire,-1.7224,-17.9905,-9.8564
J1326-4728J,Omega Centauri,globular_cluster,3.6860,9.7282e-19,freire,-2.4334,-18.0120,-10.2227
J1326-4728K,Omega Centauri,globular_cluster,4.7150,9.4730e-19,freire,-2.3265,-18.0235,-10.1750
J1326-4728L,Omega Centauri,globular_cluster,3.5360,1.0148e-18,freire,-2.4515,-17.9936,-10.2226
J1326-4728M,Omega Centauri,globular_cluster,4.6030,1.0143e-18,freire,-2.3370,-17.9939,-10.1654
J1326-4728N,Omega Centauri,globular_cluster,6.8840,1.0120e-18,freire,-2.1622,-17.9948,-10.0785
J1326-4728O,Omega Centauri,globular_cluster,6.1590,9.4266e-19,freire,-2.2105,-18.0256,-10.1181
J1326-4728P,Omega Centauri,globular_cluster,2.7900,1.0210e-18,freire,-2.5544,-17.9910,-10.2727
J1326-4728Q,Omega Centauri,globular_cluster,4.1300,9.5920e-19,freire,-2.3840,-18.0181,-10.2011
J1326-4728R,Omega Centauri,globular_cluster,10.2900,1.0210e-18,freire,-1.9876,-17.9910,-9.9893
J1326-4728S,Omega Centauri,globular_cluster,4.5300,9.6240e-19,freire,-2.3439,-18.0166,-10.1803
J1342+2822A,M3,globular_cluster,0.6200,2.5447e-20,freire,-3.2076,-19.5944,-11.4010
J1342+2822B,M3,globular_cluster,2.3894,1.8694e-20,freire,-2.6217,-19.7283,-11.1750
J1342+2822D,M3,globular_cluster,5.4430,2.0800e-20,freire,-2.2642,-19.6819,-10.9730
J1342+2822E,M3,globular_cluster,0.6500,5.4729e-20,freire,-3.1871,-19.2618,-11.2244
J1342+2822F,M3,globular_cluster,4.4038,3.1224e-20,freire,-2.3562,-19.5055,-10.9308
B1516+02A,M5,globular_cluster,0.6000,5.5536e-20,freire,-3.2218,-19.2554,-11.2386
B1516+02B,M5,globular_cluster,0.5900,7.9469e-20,freire,-3.2291,-19.0998,-11.1645
J1518+0204C,M5,globular_cluster,2.4839,2.6079e-20,freire,-2.6049,-19.5837,-11.0943
J1518+0204D,M5,globular_cluster,0.7100,2.9880e-20,freire,-3.1487,-19.5246,-11.3367
J1518+0204E,M5,globular_cluster,3.1823,1.7939e-20,freire,-2.4973,-19.7462,-11.1217
J1518+0204F,M5,globular_cluster,2.6542,2.2100e-20,freire,-2.5761,-19.6556,-11.1158
J1518+0204G,M5,globular_cluster,1.1800,2.7502e-20,freire,-2.9281,-19.5606,-11.2444
J1546-3747A,NGC 5986,globular_cluster,2.6057,9.2173e-19,freire,-2.5841,-18.0354,-10.3097
J1617-2258A,M80,globular_cluster,4.3183,6.1000e-20,freire,-2.3647,-19.2147,-10.7897
J1617-2258B,M80,globular_cluster,6.3230,6.6520e-19,freire,-2.1991,-18.1770,-10.1881
J1617-2258C,M80,globular_cluster,6.5170,6.6800e-19,freire,-2.1860,-18.1752,-10.1806
B1620-26,M4,globular_cluster,0.7670,1.1076e-19,freire,-3.1152,-18.9556,-11.0354
B1639+36A,M13,globular_cluster,10.3775,-7.3000e-21,freire,-1.9839,-20.1367,-11.0603
B1639+36B,M13,globular_cluster,1.6260,3.5281e-20,freire,-2.7889,-19.4525,-11.1207
J1641+3627C,M13,globular_cluster,0.5480,3.7221e-20,freire,-3.2612,-19.4292,-11.3452
J1641+3627D,M13,globular_cluster,3.1183,-2.3600e-20,freire,-2.5061,-19.6271,-11.0666
J1641+3627E,M13,globular_cluster,2.4870,1.7500e-20,freire,-2.6043,-19.7570,-11.1806
J1641+3627F,M13,globular_cluster,0.9560,3.0035e-20,freire,-3.0195,-19.5224,-11.2710
J1641+3627G,M13,globular_cluster,1.8300,4.3236e-20,freire,-2.7375,-19.3642,-11.0509
J1641+3627H,M13,globular_cluster,11.2100,3.0750e-19,freire,-1.9504,-18.5122,-10.2313
J1641+3627I,M13,globular_cluster,6.3752,2.2660e-18,freire,-2.1955,-17.6447,-9.9201
J1647-0156A,M12,globular_cluster,2.3600,4.2500e-19,freire,-2.6271,-18.3716,-10.4993
J1647-0156B,M12,globular_cluster,2.7600,4.2700e-19,freire,-2.5591,-18.3696,-10.4643
J1657-0406A,M10,globular_cluster,4.7300,4.3900e-19,freire,-2.3251,-18.3575,-10.3413
J1657-0406B,M10,globular_cluster,7.3500,4.3355e-19,freire,-2.1337,-18.3630,-10.2483
J1701-3006A,M62,globular_cluster,5.2416,-1.3170e-19,freire,-2.2805,-18.8804,-10.5805
J1701-3006B,M62,globular_cluster,3.5939,-3.4962e-19,freire,-2.4444,-18.4564,-10.4504
J1701-3006C,M62,globular_cluster,7.6128,-6.3325e-20,freire,-2.1185,-19.1984,-10.6584
J1701-3006D,M62,globular_cluster,3.4178,1.3564e-19,freire,-2.4663,-18.8676,-10.6669
J1701-3006E,M62,globular_cluster,3.2337,3.0744e-19,freire,-2.4903,-18.5122,-10.5013
J1701-3006F,M62,globular_cluster,2.2947,2.2077e-19,freire,-2.6393,-18.6561,-10.6477
J1701-3006G,M62,globular_cluster,4.6081,-1.1457e-19,freire,-2.3365,-18.9409,-10.6387
J1701-3006H,M62,globular_cluster,3.7048,3.7890e-20,freire,-2.4312,-19.4215,-10.9264
J1701-3006I,M62,globular_cluster,3.2956,-3.3725e-19,freire,-2.4821,-18.4720,-10.4771
J1701-3006J,M62,globular_cluster,2.7600,1.1198e-18,freire,-2.5591,-17.9509,-10.2550
J1716-2808A,NGC 6316,globular_cluster,2.4500,1.7210e-18,freire,-2.6108,-17.7642,-10.1875
J1717+4308A,M92,globular_cluster,3.1597,6.1185e-20,freire,-2.5004,-19.2134,-10.8569
J1717+4308B,M92,globular_cluster,3.5100,3.5350e-19,freire,-2.4547,-18.4516,-10.4532
B1718-19,NGC 6342,globular_cluster,2.3000,1.6200e-15,atnf,-2.6383,-14.7905,-8.7144
J1721-1936B,NGC 6342,globular_cluster,2.5683,7.1400e-19,freire,-2.5904,-18.1463,-10.3683
J1735-3028B,Terzan 1,globular_cluster,11.1366,-8.9500e-18,freire,-1.9532,-17.0482,-9.5007
J1735-3028C,Terzan 1,globular_cluster,6.0388,-4.4300e-20,freire,-2.2190,-19.3536,-10.7863
J1735-3028D,Terzan 1,globular_cluster,5.3864,2.7700e-18,freire,-2.2687,-17.5575,-9.9131
J1735-3028E,Terzan 1,globular_cluster,3.0783,5.5900e-19,freire,-2.5117,-18.2526,-10.3821
J1735-3028F,Terzan 1,globular_cluster,5.2138,-2.0500e-18,freire,-2.2828,-17.6882,-9.9855
J1735-3028G,Terzan 1,globular_cluster,3.9179,1.3800e-19,freire,-2.4069,-18.8601,-10.6335
J1736-4444A,NGC 6388,globular_cluster,5.2980,2.4100e-18,freire,-2.2759,-17.6180,-9.9469
J1736-4444A,NGC 6388,globular_cluster,2.9950,2.4700e-18,freire,-2.5236,-17.6073,-10.0655
J1737-0314A,M14,globular_cluster,1.9800,9.5500e-20,freire,-2.7033,-19.0200,-10.8617
J1737-0314B,M14,globular_cluster,8.5200,8.1000e-19,freire,-2.0696,-18.0915,-10.0805
J1737-0314C,M14,globular_cluster,8.4600,8.0000e-19,freire,-2.0726,-18.0969,-10.0848
J1737-0314D,M14,globular_cluster,2.8900,7.8800e-19,freire,-2.5391,-18.1035,-10.3213
J1737-0314E,M14,globular_cluster,2.2800,8.0400e-19,freire,-2.6421,-18.0947,-10.3684
J1740-5340,NGC 6397,globular_cluster,0.9170,3.6503e-20,freire,-3.0376,-19.4377,-11.2376
J1740-5340B,NGC 6397,globular_cluster,5.7870,-6.0000e-21,freire,-2.2375,-20.2218,-11.2297
J1748-2446A,Terzan 5,globular_cluster,0.6020,1.1563e-19,freire,-3.2204,-18.9369,-11.0787
J1748-2446C,Terzan 5,globular_cluster,8.4361,-6.0600e-19,freire,-2.0739,-18.2175,-10.1457
J1748-2446D,Terzan 5,globular_cluster,0.6930,4.7140e-20,freire,-3.1593,-19.3266,-11.2429
J1748-2446E,Terzan 5,globular_cluster,2.1978,-1.8000e-20,freire,-2.6580,-19.7447,-11.2014
J1748-2446F,Terzan 5,globular_cluster,5.5401,4.0000e-21,freire,-2.2565,-20.3979,-11.3272
J1748-2446G,Terzan 5,globular_cluster,21.6719,3.9000e-19,freire,-1.6641,-18.4089,-10.0365
J1748-2446H,Terzan 5,globular_cluster,4.9259,-8.3000e-20,freire,-2.3075,-19.0809,-10.6942
J1748-2446I,Terzan 5,globular_cluster,9.5702,-7.1000e-20,freire,-2.0191,-19.1487,-10.5839
J1748-2446J,Terzan 5,globular_cluster,0.9480,8.0338e-19,freire,-3.0232,-18.0951,-10.5591
J1748-2446K,Terzan 5,globular_cluster,2.9697,-9.4000e-20,freire,-2.5273,-19.0269,-10.7771
J1748-2446L,Terzan 5,globular_cluster,2.2447,-1.7000e-20,freire,-2.6488,-19.7696,-11.2092
J1748-2446M,Terzan 5,globular_cluster,3.5696,4.9000e-19,freire,-2.4474,-18.3098,-10.3786
J1748-2446N,Terzan 5,globular_cluster,8.6669,5.5000e-19,freire,-2.0621,-18.2596,-10.1609
J1748-2446O,Terzan 5,globular_cluster,1.6766,-6.9000e-20,freire,-2.7756,-19.1612,-10.9684
J1748-2446P,Terzan 5,globular_cluster,1.7286,2.6000e-19,freire,-2.7623,-18.5850,-10.6737
J1748-2446Q,Terzan 5,globular_cluster,2.8120,-3.6000e-20,freire,-2.5510,-19.4437,-10.9973
J1748-2446R,Terzan 5,globular_cluster,5.0285,4.7000e-19,freire,-2.2986,-18.3279,-10.3132
J1748-2446S,Terzan 5,globular_cluster,6.1166,6.4000e-20,freire,-2.2135,-19.1938,-10.7037
J1748-2446T,Terzan 5,globular_cluster,7.0849,3.1000e-19,freire,-2.1497,-18.5086,-10.3292
J1748-2446U,Terzan 5,globular_cluster,3.2891,3.0000e-19,freire,-2.4829,-18.5229,-10.5029
J1748-2446V,Terzan 5,globular_cluster,2.0725,-9.5000e-20,freire,-2.6835,-19.0223,-10.8529
J1748-2446W,Terzan 5,globular_cluster,4.2052,1.2000e-19,freire,-2.3762,-18.9208,-10.6485
J1748-2446X,Terzan 5,globular_cluster,2.9993,5.9000e-20,freire,-2.5230,-19.2291,-10.8761
J1748-2446Y,Terzan 5,globular_cluster,2.0482,1.5000e-19,freire,-2.6886,-18.8239,-10.7563
J1748-2446Z,Terzan 5,globular_cluster,2.4626,-8.6000e-20,freire,-2.6086,-19.0655,-10.8371
J1748-2446aa,Terzan 5,globular_cluster,5.7880,-4.4000e-19,freire,-2.2375,-18.3565,-10.2970
J1748-2446ab,Terzan 5,globular_cluster,5.1197,4.2000e-19,freire,-2.2908,-18.3768,-10.3338
J1748-2446ac,Terzan 5,globular_cluster,5.0869,2.3000e-19,freire,-2.2935,-18.6383,-10.4659
J1748-2446ad,Terzan 5,globular_cluster,1.3960,-3.4000e-20,freire,-2.8551,-19.4685,-11.1618
J1748-2446ae,Terzan 5,globular_cluster,3.6586,-5.7000e-19,freire,-2.4367,-18.2441,-10.3404
J1748-2446af,Terzan 5,globular_cluster,3.3043,-2.3000e-19,freire,-2.4809,-18.6383,-10.5596
J1748-2446ag,Terzan 5,globular_cluster,4.4480,1.2000e-20,freire,-2.3518,-19.9208,-11.1363
J1748-2446ah,Terzan 5,globular_cluster,4.9652,5.7000e-19,freire,-2.3041,-18.2441,-10.2741
J1748-2446ai,Terzan 5,globular_cluster,21.2284,1.4000e-18,freire,-1.6731,-17.8539,-9.7635
J1748-2446aj,Terzan 5,globular_cluster,2.9589,1.4123e-19,freire,-2.5289,-18.8501,-10.6895
J1748-2446ak,Terzan 5,globular_cluster,1.8901,8.8495e-20,freire,-2.7235,-19.0531,-10.8883
J1748-2446al,Terzan 5,globular_cluster,5.9500,2.3650e-18,freire,-2.2255,-17.6262,-9.9258
J1748-2446am,Terzan 5,globular_cluster,2.9338,-1.3680e-19,freire,-2.5326,-18.8639,-10.6982
J1748-2446an,Terzan 5,globular_cluster,4.8020,1.5575e-19,freire,-2.3186,-18.8076,-10.5631
J1748-2446ao,Terzan 5,globular_cluster,2.2744,8.6979e-20,freire,-2.6431,-19.0606,-10.8519
J1748-2446ap,Terzan 5,globular_cluster,3.7447,3.0700e-19,freire,-2.4266,-18.5129,-10.4697
J1748-2446aq,Terzan 5,globular_cluster,12.5219,-7.1620e-19,freire,-1.9023,-18.1450,-10.0236
J1748-2446ar,Terzan 5,globular_cluster,1.9528,-2.6480e-19,freire,-2.7093,-18.5771,-10.6432
J1748-2446as,Terzan 5,globular_cluster,2.3265,2.5598e-19,freire,-2.6333,-18.5918,-10.6125
J1748-2446at,Terzan 5,globular_cluster,2.1882,-5.8997e-20,freire,-2.6599,-19.2292,-10.9445
J1748-2446au,Terzan 5,globular_cluster,4.5482,-1.0680e-19,freire,-2.3422,-18.9714,-10.6568
J1748-2446av,Terzan 5,globular_cluster,1.8495,-4.2505e-20,freire,-2.7330,-19.3716,-11.0523
J1748-2446aw,Terzan 5,globular_cluster,13.0491,1.3065e-18,freire,-1.8844,-17.8839,-9.8842
J1748-2446ax,Terzan 5,globular_cluster,1.9435,-9.5495e-21,freire,-2.7114,-20.0200,-11.3657
J1748-2021B,NGC 6440,globular_cluster,16.7601,-3.2913e-19,freire,-1.7757,-18.4826,-10.1292
J1748-2021C,NGC 6440,globular_cluster,6.2269,-5.9840e-20,freire,-2.2057,-19.2230,-10.7144
J1748-2021D,NGC 6440,globular_cluster,0.5500,1.3496e-19,freire,-3.2596,-18.8698,-11.0647
J1748-2021E,NGC 6440,globular_cluster,16.2640,3.1240e-19,freire,-1.7888,-18.5053,-10.1470
J1748-2021F,NGC 6440,globular_cluster,3.7936,-1.0550e-20,freire,-2.4209,-19.9767,-11.1988
J1748-2021G,NGC 6440,globular_cluster,5.2153,-1.5952e-19,freire,-2.2827,-18.7972,-10.5399
J1748-2021H,NGC 6440,globular_cluster,2.8485,1.8998e-19,freire,-2.5454,-18.7213,-10.6333
J1750-3703B,NGC 6441,globular_cluster,6.0745,1.9200e-20,freire,-2.2165,-19.7167,-10.9666
J1750-3703C,NGC 6441,globular_cluster,26.5687,-9.9600e-19,freire,-1.5756,-18.0017,-9.7887
J1750-3703D,NGC 6441,globular_cluster,5.1399,4.9280e-19,freire,-2.2890,-18.3073,-10.2982
J1750-3703F,NGC 6441,globular_cluster,6.0066,2.2821e-18,freire,-2.2214,-17.6417,-9.9315
J1750-3703G,NGC 6441,globular_cluster,5.3523,2.2920e-18,freire,-2.2715,-17.6398,-9.9556
J1750-3703H,NGC 6441,globular_cluster,4.6529,2.2725e-18,freire,-2.3323,-17.6435,-9.9879
J1750-3703I,NGC 6441,globular_cluster,4.9764,2.3074e-18,freire,-2.3031,-17.6369,-9.9700
J1751-3116A,Terzan 6,globular_cluster,5.3329,3.8308e-18,freire,-2.2730,-17.4167,-9.8449
J1801-0857A,NGC 6517,globular_cluster,7.1756,-5.0992e-19,freire,-2.1441,-18.2925,-10.2183
J1801-0857B,NGC 6517,globular_cluster,28.9616,2.2034e-18,freire,-1.5382,-17.6569,-9.5975
J1801-0857C,NGC 6517,globular_cluster,3.7387,-6.2980e-20,freire,-2.4273,-19.2008,-10.8140
J1801-0857D,NGC 6517,globular_cluster,1.2020,4.2265e-20,freire,-2.9201,-19.3740,-11.1471
J1801-0857E,NGC 6517,globular_cluster,7.6017,-1.0360e-18,freire,-2.1191,-17.9846,-10.0519
J1801-0857F,NGC 6517,globular_cluster,24.8920,-2.6708e-18,freire,-1.6039,-17.5734,-9.5886
J1801-0857H,NGC 6517,globular_cluster,5.6427,3.4310e-20,freire,-2.2485,-19.4646,-10.8565
J1801-0857I,NGC 6517,globular_cluster,3.2542,-1.6420e-20,freire,-2.4876,-19.7846,-11.1361
J1801-0857K,NGC 6517,globular_cluster,9.5905,8.1800e-19,freire,-2.0182,-18.0872,-10.0527
J1801-0857L,NGC 6517,globular_cluster,6.0573,-3.3800e-20,freire,-2.2177,-19.4711,-10.8444
J1801-0857M,NGC 6517,globular_cluster,5.3568,4.8586e-19,freire,-2.2711,-18.3135,-10.2923
J1801-0857N,NGC 6517,globular_cluster,4.9946,-5.3150e-19,freire,-2.3015,-18.2745,-10.2880
J1801-0857O,NGC 6517,globular_cluster,4.2871,1.2139e-19,freire,-2.3678,-18.9158,-10.6418
J1801-0857P,NGC 6517,globular_cluster,5.5361,1.8305e-18,freire,-2.2568,-17.7374,-9.9971
J1801-0857Q,NGC 6517,globular_cluster,7.2581,1.8245e-18,freire,-2.1392,-17.7389,-9.9390
J1801-0857R,NGC 6517,globular_cluster,6.5852,1.8250e-18,freire,-2.1814,-17.7387,-9.9601
J1801-0857S,NGC 6517,globular_cluster,3.7700,1.8250e-18,freire,-2.4237,-17.7387,-10.0812
J1801-0857T,NGC 6517,globular_cluster,3.6800,1.8250e-18,freire,-2.4342,-17.7387,-10.0864
J1801-0857U,NGC 6517,globular_cluster,6.0200,1.8390e-18,freire,-2.2204,-17.7354,-9.9779
J1801-0857V,NGC 6517,globular_cluster,4.5500,1.8290e-18,freire,-2.3420,-17.7378,-10.0399
J1803-3002A,NGC 6522,globular_cluster,7.1014,4.0000e-20,freire,-2.1487,-19.3979,-10.7733
J1803-3002B,NGC 6522,globular_cluster,4.3970,1.9179e-18,freire,-2.3568,-17.7172,-10.0370
J1803-3002C,NGC 6522,globular_cluster,5.8404,6.9730e-19,freire,-2.2336,-18.1566,-10.1951
J1803-3002D,NGC 6522,globular_cluster,5.5300,1.9266e-18,freire,-2.2573,-17.7152,-9.9862
J1803-3002E,NGC 6522,globular_cluster,17.9260,1.9279e-18,freire,-1.7465,-17.7149,-9.7307
J1803-3002F,NGC 6522,globular_cluster,0.6000,1.4814e-18,freire,-3.2218,-17.8293,-10.5256
B1802-07,NGC 6539,globular_cluster,23.1009,4.7000e-19,freire,-1.6364,-18.3279,-9.9821
J1807-2459A,NGC 6544,globular_cluster,3.0595,-4.3350e-21,freire,-2.5144,-20.3630,-11.4387
J1807-2500B,NGC 6544,globular_cluster,4.1862,8.2324e-20,freire,-2.3782,-19.0845,-10.7313
J1807-2459C,NGC 6544,globular_cluster,5.7300,1.3650e-18,freire,-2.2418,-17.8649,-10.0534
B1820-30A,NGC 6624,globular_cluster,5.4400,3.3850e-18,freire,-2.2644,-17.4704,-9.8674
J1823-3021D,NGC 6624,globular_cluster,3.0200,8.6900e-19,freire,-2.5200,-18.0610,-10.2905
J1823-3021E,NGC 6624,globular_cluster,4.3940,9.1400e-19,freire,-2.3571,-18.0391,-10.1981
J1823-3021F,NGC 6624,globular_cluster,4.8500,8.6700e-19,freire,-2.3143,-18.0620,-10.1881
J1823-3021G,NGC 6624,globular_cluster,6.0913,-1.8000e-20,freire,-2.2153,-19.7447,-10.9800
J1823-3021H,NGC 6624,globular_cluster,5.1300,8.6850e-19,freire,-2.2899,-18.0612,-10.1756
J1823-3021I,NGC 6624,globular_cluster,4.3190,8.7310e-19,freire,-2.3646,-18.0589,-10.2118
J1823-3021J,NGC 6624,globular_cluster,20.8990,8.6820e-19,freire,-1.6799,-18.0614,-9.8706
J1823-3021K,NGC 6624,globular_cluster,1.4300,2.7680e-20,freire,-2.8447,-19.5578,-11.2012
B1821-24A,M28,globular_cluster,3.0543,1.5500e-18,freire,-2.5151,-17.8097,-10.1624
J1824-2452B,M28,globular_cluster,6.5467,-2.4150e-19,freire,-2.1840,-18.6171,-10.4005
J1824-2452C,M28,globular_cluster,4.1583,1.7016e-19,freire,-2.3811,-18.7691,-10.5751
J1824-2452E,M28,globular_cluster,5.4191,-1.0880e-19,freire,-2.2661,-18.9634,-10.6147
J1824-2452F,M28,globular_cluster,2.7940,2.4511e-20,freire,-2.5538,-19.6106,-11.0822
J1824-2452G,M28,globular_cluster,5.9091,1.7890e-19,freire,-2.2285,-18.7474,-10.4879
J1824-2452H,M28,globular_cluster,4.6294,8.1900e-20,freire,-2.3345,-19.0867,-10.7106
J1824-2452I,M28,globular_cluster,3.9318,1.1900e-18,freire,-2.4054,-17.9245,-10.1649
J1824-2452J,M28,globular_cluster,4.0397,-7.5700e-20,freire,-2.3937,-19.1209,-10.7573
J1824-2452K,M28,globular_cluster,4.4611,1.1980e-18,freire,-2.3506,-17.9215,-10.1361
J1824-2452L,M28,globular_cluster,4.1001,1.1900e-18,freire,-2.3872,-17.9245,-10.1558
J1824-2452M,M28,globular_cluster,4.7843,1.2282e-19,freire,-2.3202,-18.9107,-10.6155
J1824-2452N,M28,globular_cluster,3.3529,1.5921e-19,freire,-2.4746,-18.7980,-10.6363
J1831-3220A,M69,globular_cluster,3.8100,8.2100e-19,freire,-2.4191,-18.0857,-10.2524
J1831-3220B,M69,globular_cluster,4.8000,8.1900e-19,freire,-2.3188,-18.0867,-10.2027
J1835-3259A,NGC 6652,globular_cluster,3.8890,6.3350e-19,freire,-2.4102,-18.1983,-10.3042
J1835-3259B,NGC 6652,globular_cluster,1.8303,6.6500e-20,freire,-2.7375,-19.1772,-10.9573
J1836-2354A,M22,globular_cluster,0.6800,3.3543e-20,freire,-3.1675,-19.4744,-11.3209
J1836-2354B,M22,globular_cluster,3.2323,-4.8000e-22,freire,-2.4905,-21.3188,-11.9046
J1836-2354C,M22,globular_cluster,5.6400,8.7869e-19,freire,-2.2487,-18.0562,-10.1524
J1836-2354D,M22,globular_cluster,7.7900,8.9543e-19,freire,-2.1085,-18.0480,-10.0782
J1843-3217A,M70,globular_cluster,3.9300,7.0600e-19,freire,-2.4056,-18.1512,-10.2784
J1843-3217B,M70,globular_cluster,4.4400,7.1100e-19,freire,-2.3526,-18.1481,-10.2504
J1843-3217C,M70,globular_cluster,6.0600,7.1100e-19,freire,-2.2175,-18.1481,-10.1828
J1843-3217D,M70,globular_cluster,6.3700,7.1510e-19,freire,-2.1959,-18.1456,-10.1707
J1843-3217E,M70,globular_cluster,5.0500,7.1530e-19,freire,-2.2967,-18.1455,-10.2211
J1843-3217F,M70,globular_cluster,6.9400,7.0770e-19,freire,-2.1586,-18.1502,-10.1544
J1848-0129A,M70,globular_cluster,19.7800,4.9110e-18,freire,-1.7038,-17.3088,-9.5063
J1848-0129B,M70,globular_cluster,13.8008,4.8195e-18,freire,-1.8601,-17.3170,-9.5885
J1848-0129C,M70,globular_cluster,6.4400,4.8920e-18,freire,-2.1911,-17.3105,-9.7508
J1848-0129D,M70,globular_cluster,17.1000,4.5800e-18,freire,-1.7670,-17.3391,-9.5531
J1848-0129E,M70,globular_cluster,4.5400,4.7997e-18,freire,-2.3429,-17.3188,-9.8309
J1848-0129F,M70,globular_cluster,4.1700,5.2010e-18,freire,-2.3799,-17.2839,-9.8319
J1853-0842A,NGC 6712,globular_cluster,2.1494,-2.4020e-21,freire,-2.6677,-20.6194,-11.6436
J1905+0154A,NGC 6749,globular_cluster,3.1930,1.9369e-18,freire,-2.4958,-17.7129,-10.1043
J1911-5958A,NGC 6752,globular_cluster,6.3900,3.2662e-20,freire,-2.1945,-19.4860,-10.8402
J1910-5959B,NGC 6752,globular_cluster,8.3578,-7.9900e-19,freire,-2.0779,-18.0975,-10.0877
J1911-6000C,NGC 6752,globular_cluster,2.7000,5.2773e-20,freire,-2.5686,-19.2776,-10.9231
J1910-5959D,NGC 6752,globular_cluster,9.0353,9.6300e-19,freire,-2.0441,-18.0164,-10.0302
J1910-5959E,NGC 6752,globular_cluster,4.5718,-4.3700e-19,freire,-2.3399,-18.3595,-10.3497
J1910-5959F,NGC 6752,globular_cluster,8.4855,7.4122e-19,freire,-2.0713,-18.1301,-10.1007
J1910-5959G,NGC 6752,globular_cluster,4.7900,3.3300e-19,freire,-2.3197,-18.4776,-10.3986
J1910-5959H,NGC 6752,globular_cluster,2.0100,3.3250e-19,freire,-2.6968,-18.4782,-10.5875
J1910-5959I,NGC 6752,globular_cluster,2.6500,3.3330e-19,freire,-2.5768,-18.4772,-10.5270
J1911+0102A,NGC 6760,globular_cluster,3.6185,-6.5800e-21,freire,-2.4415,-20.1818,-11.3116
J1911+0101B,NGC 6760,globular_cluster,5.3843,-2.0000e-21,freire,-2.2689,-20.6990,-11.4839
J1953+1846A,M71,globular_cluster,4.8883,4.8502e-20,freire,-2.3108,-19.3142,-10.8125
J1953+1846B,M71,globular_cluster,1.6500,7.9899e-19,freire,-2.7825,-18.0975,-10.4400
J1953+1846C,M71,globular_cluster,1.8100,2.8933e-19,freire,-2.7423,-18.5386,-10.6405
J1953+1846D,M71,globular_cluster,1.0400,1.0068e-18,freire,-2.9830,-17.9971,-10.4900
J1953+1846E,M71,globular_cluster,2.7400,4.4441e-20,freire,-2.5622,-19.3522,-10.9572
B2127+11C,M15,globular_cluster,0.9440,3.0529e-19,freire,-3.0250,-18.5153,-10.7702
B2127+11D,M15,globular_cluster,4.8028,-1.0701e-18,freire,-2.3185,-17.9706,-10.1445
B2127+11E,M15,globular_cluster,4.6514,1.8547e-19,freire,-2.3324,-18.7317,-10.5321
B2127+11F,M15,globular_cluster,4.0270,2.7113e-20,freire,-2.3950,-19.5668,-10.9809
B2127+11H,M15,globular_cluster,6.7434,2.1380e-20,freire,-2.1711,-19.6700,-10.9206
J2129+1210I,M15,globular_cluster,5.1222,6.7500e-19,freire,-2.2905,-18.1707,-10.2306
J2129+1210J,M15,globular_cluster,11.8425,2.0407e-19,freire,-1.9266,-18.6902,-10.3084
J2129+1210M,M15,globular_cluster,4.8362,-2.3680e-19,freire,-2.3155,-18.6256,-10.4706
J2129+1210N,M15,globular_cluster,9.2896,6.6600e-19,freire,-2.0320,-18.1765,-10.1043
J2129+1210O,M15,globular_cluster,11.0669,-2.1946e-18,freire,-1.9560,-17.6586,-9.8073
J2133-0049A,M2,globular_cluster,10.1493,1.6832e-19,freire,-1.9936,-18.7739,-10.3837
J2133-0049B,M2,globular_cluster,0.5600,6.9745e-20,freire,-3.2518,-19.1565,-11.2041
J2133-0049C,M2,globular_cluster,3.0049,-2.2152e-20,freire,-2.5222,-19.6546,-11.0884
J2133-0049D,M2,globular_cluster,4.2157,7.6180e-20,freire,-2.3751,-19.1182,-10.7466
J2133-0049E,M2,globular_cluster,3.7031,3.9230e-20,freire,-2.4314,-19.4064,-10.9189
J2133-0049F,M2,globular_cluster,4.7809,3.0420e-20,freire,-2.3205,-19.5168,-10.9187
J2133-0049G,M2,globular_cluster,2.5357,2.6836e-20,freire,-2.5959,-19.5713,-11.0836
J2133-0049H,M2,globular_cluster,2.8780,4.3200e-19,freire,-2.5409,-18.3645,-10.4527
J2133-0049I,M2,globular_cluster,8.7800,4.4100e-19,freire,-2.0565,-18.3556,-10.2060
J2133-0049J,M2,globular_cluster,4.5000,4.3500e-19,freire,-2.3468,-18.3615,-10.3541
J2140-2310A,M30,globular_cluster,11.0193,-5.1810e-20,freire,-1.9578,-19.2856,-10.6217
J2140-2310B,M30,globular_cluster,1.2000,1.2990e-19,freire,-2.9208,-18.8864,-10.9036
J0023+0923,,field,3.0500,1.1400e-20,atnf,-2.5157,-19.9431,-11.2294
B0021-72C,,field,5.7570,-4.9900e-20,atnf,-2.2398,-19.3019,-10.7709
B0021-72D,,field,5.3580,-3.4200e-21,atnf,-2.2710,-20.4660,-11.3685
B0021-72E,,field,3.5360,9.8500e-20,atnf,-2.4515,-19.0066,-10.7290
B0021-72F,,field,2.6240,6.4500e-20,atnf,-2.5810,-19.1904,-10.8857
B0021-72G,,field,4.0400,-4.2200e-20,atnf,-2.3936,-19.3747,-10.8842
B0021-72H,,field,3.2100,-1.8300e-21,atnf,-2.4935,-20.7375,-11.6155
B0021-72I,,field,3.4850,-4.5900e-20,atnf,-2.4578,-19.3382,-10.8980
B0021-72J,,field,2.1010,-9.7900e-21,atnf,-2.6776,-20.0092,-11.3434
B0021-72L,,field,4.3460,-1.2200e-19,atnf,-2.3619,-18.9136,-10.6378
B0021-72M,,field,3.6770,-3.8400e-20,atnf,-2.4345,-19.4157,-10.9251
B0021-72N,,field,3.0540,-2.1900e-20,atnf,-2.5151,-19.6596,-11.0873
J0024-7204U,,field,4.3430,9.5200e-20,atnf,-2.3622,-19.0214,-10.6918
J0024-7204X,,field,4.7720,1.8400e-20,atnf,-2.3213,-19.7352,-11.0282
J0030+0451,,field,4.8650,1.0200e-20,atnf,-2.3129,-19.9914,-11.1522
J0034-0534,,field,1.8770,4.9700e-21,atnf,-2.7265,-20.3036,-11.5151
J0058-7218,,field,21.7660,2.8900e-14,atnf,-1.6622,-13.5391,-7.6007
J0101-6422,,field,2.5730,5.1600e-21,atnf,-2.5896,-20.2874,-11.4385
J0102+4839,,field,2.9640,1.1400e-20,atnf,-2.5281,-19.9431,-11.2356
J0125-2327,,field,3.6750,1.8400e-20,atnf,-2.4347,-19.7352,-11.0850
J0154+1833,,field,2.3650,2.9200e-21,atnf,-2.6262,-20.5346,-11.5804
J0203-0150,,field,5.1730,1.4300e-20,atnf,-2.2863,-19.8447,-11.0655
J0214+5222,,field,24.5750,2.9600e-19,atnf,-1.6095,-18.5287,-10.0691
J0218+4232,,field,2.3230,7.7400e-20,atnf,-2.6340,-19.1113,-10.8726
J0248+4230,,field,2.6010,1.6900e-20,atnf,-2.5849,-19.7721,-11.1785
J0251+2606,,field,2.5420,7.5700e-21,atnf,-2.5948,-20.1209,-11.3579
J0307+7443,,field,3.1560,1.7300e-20,atnf,-2.5009,-19.7620,-11.1314
J0312-0921,,field,3.7040,1.9700e-20,atnf,-2.4313,-19.7055,-11.0684
J0318+0253,,field,5.1900,1.7600e-20,atnf,-2.2848,-19.7545,-11.0197
J0337+1715,,field,2.7330,1.7700e-20,atnf,-2.5634,-19.7520,-11.1577
J0340+4130,,field,3.2990,7.0500e-21,atnf,-2.4816,-20.1518,-11.3167
J0406+3039,,field,2.6090,8.3100e-21,atnf,-2.5835,-20.0804,-11.3320
J0407+1607,,field,25.7020,7.9000e-20,atnf,-1.5900,-19.1024,-10.3462
J0418+6635,,field,2.9100,1.3700e-20,atnf,-2.5361,-19.8633,-11.1997
J0437-4715,,field,5.7570,5.7300e-20,atnf,-2.2398,-19.2418,-10.7408
J0447+2447,,field,2.9950,8.0000e-21,atnf,-2.5236,-20.0969,-11.3103
J0509+0856,,field,4.0560,4.4100e-21,atnf,-2.3919,-20.3556,-11.3737
J0533+6759,,field,4.3880,1.2600e-20,atnf,-2.3577,-19.8996,-11.1287
J0537-6910,,field,16.1220,5.1800e-14,atnf,-1.7926,-13.2857,-7.5391
J0557+1550,,field,2.5560,7.3500e-21,atnf,-2.5924,-20.1337,-11.3631
J0605+3757,,field,2.7280,4.7200e-21,atnf,-2.5642,-20.3261,-11.4451
J0610-2100,,field,3.8610,1.2300e-20,atnf,-2.4133,-19.9101,-11.1617
J0613-0200,,field,3.0620,9.5900e-21,atnf,-2.5140,-20.0182,-11.2661
J0614-3329,,field,3.1490,1.7400e-20,atnf,-2.5018,-19.7595,-11.1306
J0621+1002,,field,28.8540,4.7300e-20,atnf,-1.5398,-19.3251,-10.4325
J0621+2514,,field,2.7220,2.4800e-20,atnf,-2.5651,-19.6055,-11.0853
J0636+5128,,field,2.8690,3.5100e-21,atnf,-2.5423,-20.4547,-11.4985
J0645+5158,,field,8.8530,4.9200e-21,atnf,-2.0529,-20.3080,-11.1805
J0653+4706,,field,4.7580,2.0800e-20,atnf,-2.3226,-19.6819,-11.0023
J0711-6830,,field,5.4910,1.4900e-20,atnf,-2.2603,-19.8268,-11.0436
J0721-2038,,field,15.5420,4.4000e-20,atnf,-1.8085,-19.3565,-10.5825
J0732+2314,,field,4.0900,6.0200e-21,atnf,-2.3883,-20.2204,-11.3043
J0737-3039A,,field,22.6990,1.7600e-18,atnf,-1.6440,-17.7545,-9.6992
J0740+6620,,field,2.8860,1.2200e-20,atnf,-2.5397,-19.9136,-11.2267
J0742+4110,,field,3.1390,6.6900e-21,atnf,-2.5032,-20.1746,-11.3389
J0751+1807,,field,3.4790,7.7900e-21,atnf,-2.4585,-20.1085,-11.2835
J0824+0028,,field,9.8610,1.4700e-19,atnf,-2.0061,-18.8327,-10.4194
J0838-2827,,field,3.6150,1.0400e-20,atnf,-2.4419,-19.9830,-11.2124
J0900-3144,,field,11.1100,4.8900e-20,atnf,-1.9543,-19.3107,-10.6325
J0921-5202,,field,9.6800,1.7000e-20,atnf,-2.0141,-19.7696,-10.8918
J0925+6103,,field,5.9830,1.6100e-20,atnf,-2.2231,-19.7932,-11.0081
J0931-1902,,field,4.6380,3.6300e-21,atnf,-2.3337,-20.4401,-11.3869
J0952-0607,,field,1.4140,4.7700e-21,atnf,-2.8496,-20.3215,-11.5855
J0955-3947,,field,2.0230,3.8100e-20,atnf,-2.6940,-19.4191,-11.0565
J0955-6150,,field,1.9990,1.4300e-20,atnf,-2.6992,-19.8447,-11.2719
J1012+5307,,field,5.2560,1.7100e-20,atnf,-2.2793,-19.7670,-11.0232
J1012-4235,,field,3.1010,6.5500e-21,atnf,-2.5085,-20.1838,-11.3461
J1017-7156,,field,2.3390,2.2100e-21,atnf,-2.6310,-20.6556,-11.6433
J1022+1001,,field,16.4530,4.3300e-20,atnf,-1.7838,-19.3635,-10.5736
J1023+0038,,field,1.6880,6.9300e-21,atnf,-2.7726,-20.1593,-11.4659
J1024-0719,,field,5.1620,1.8500e-20,atnf,-2.2872,-19.7328,-11.0100
J1035-6720,,field,2.8720,4.6500e-20,atnf,-2.5418,-19.3325,-10.9372
J1038+0032,,field,28.8520,6.7000e-20,atnf,-1.5398,-19.1739,-10.3569
J1045-0436,,field,24.0480,7.8600e-20,atnf,-1.6189,-19.1046,-10.3617
J1045-4509,,field,7.4740,1.7700e-20,atnf,-2.1264,-19.7520,-10.9392
J1048+2339,,field,4.6650,3.0100e-20,atnf,-2.3311,-19.5214,-10.9263
J1056-7117,,field,26.3100,6.3000e-20,atnf,-1.5799,-19.2007,-10.3903
J1101-6424,,field,5.1090,1.8000e-21,atnf,-2.2917,-20.7447,-11.5182
J1103-5403,,field,3.3930,3.6800e-21,atnf,-2.4694,-20.4342,-11.4518
J1120-3618,,field,5.5570,9.3600e-22,atnf,-2.2552,-21.0287,-11.6419
J1122-3546,,field,7.8380,1.5200e-20,atnf,-2.1058,-19.8182,-10.9620
J1124-3653,,field,2.4100,6.0100e-21,atnf,-2.6180,-20.2211,-11.4196
J1125+7819,,field,4.2020,6.9400e-21,atnf,-2.3765,-20.1586,-11.2676
J1125-5825,,field,3.1020,6.0900e-20,atnf,-2.5084,-19.2154,-10.8619
J1125-6014,,field,2.6300,3.7300e-21,atnf,-2.5800,-20.4283,-11.5042
J1137+7528,,field,2.5130,3.2400e-21,atnf,-2.5998,-20.4895,-11.5446
J1142+0119,,field,5.0750,1.5000e-20,atnf,-2.2946,-19.8239,-11.0592
J1146-6610,,field,3.7220,7.9300e-21,atnf,-2.4292,-20.1007,-11.2650
J1207-5050,,field,4.8430,6.0600e-21,atnf,-2.3149,-20.2175,-11.2662
J1208-5936,,field,28.7140,2.9700e-20,atnf,-1.5419,-19.5272,-10.5346
J1216-6410,,field,3.5390,1.6200e-21,atnf,-2.4511,-20.7905,-11.6208
J1221-0633,,field,1.9350,5.2700e-21,atnf,-2.7133,-20.2782,-11.4958
J1227-4853,,field,1.6860,1.1100e-20,atnf,-2.7731,-19.9547,-11.3639
J1231-1411,,field,3.6840,2.2600e-20,atnf,-2.4337,-19.6459,-11.0398
J1239+3239,,field,4.7010,3.8700e-21,atnf,-2.3278,-20.4123,-11.3700
J1242-4712,,field,5.3130,2.1400e-20,atnf,-2.2747,-19.6696,-10.9721
B1257+12,,field,6.2190,1.1400e-19,atnf,-2.2063,-18.9431,-10.5747
J1301+0833,,field,1.8440,1.0600e-20,atnf,-2.7342,-19.9747,-11.3545
J1302-3258,,field,3.7710,6.5400e-21,atnf,-2.4235,-20.1844,-11.3040
J1311-3430,,field,2.5600,2.1000e-20,atnf,-2.5918,-19.6778,-11.1348
J1312+0051,,field,4.2280,1.7500e-20,atnf,-2.3739,-19.7570,-11.0654
J1317-0157,,field,2.9080,5.5000e-21,atnf,-2.5364,-20.2596,-11.3980
J1325-6253,,field,28.9690,4.8000e-20,atnf,-1.5381,-19.3188,-10.4284
J1327-0755,,field,2.6780,1.8000e-21,atnf,-2.5722,-20.7447,-11.6585
J1335-5656,,field,3.2380,1.2100e-20,atnf,-2.4897,-19.9172,-11.2035
J1337-6423,,field,9.4230,2.4700e-20,atnf,-2.0258,-19.6073,-10.8166
J1400-1431,,field,3.0840,7.2300e-21,atnf,-2.5109,-20.1409,-11.3259
J1402+1306,,field,5.8920,1.3500e-20,atnf,-2.2297,-19.8697,-11.0497
J1405-4656,,field,7.6020,2.7900e-20,atnf,-2.1191,-19.5544,-10.8367
J1421-4409,,field,6.3860,1.2400e-20,atnf,-2.1948,-19.9066,-11.0507
J1431-4715,,field,2.0120,1.4100e-20,atnf,-2.6964,-19.8508,-11.2736
J1431-5740,,field,4.1110,6.4200e-21,atnf,-2.3861,-20.1925,-11.2893
J1435-6100,,field,9.3480,2.4500e-20,atnf,-2.0293,-19.6108,-10.8201
J1439-5501,,field,28.6350,1.4200e-19,atnf,-1.5431,-18.8477,-10.1954
J1446-4701,,field,2.1950,9.8100e-21,atnf,-2.6586,-20.0083,-11.3334
J1453+1902,,field,5.7920,1.1700e-20,atnf,-2.2372,-19.9318,-11.0845
J1455-3330,,field,7.9870,2.4300e-20,atnf,-2.0976,-19.6144,-10.8560
J1502-6752,,field,26.7440,3.1500e-19,atnf,-1.5728,-18.5017,-10.0372
J1513-2550,,field,2.1190,2.1600e-20,atnf,-2.6739,-19.6655,-11.1697
J1514-4946,,field,3.5890,1.8600e-20,atnf,-2.4450,-19.7305,-11.0878
J1525-5545,,field,11.3600,1.3100e-19,atnf,-1.9446,-18.8827,-10.4137
J1526-2744,,field,2.4890,3.5400e-21,atnf,-2.6040,-20.4510,-11.5275
J1529-3828,,field,8.4860,2.7000e-20,atnf,-2.0713,-19.5686,-10.8200
J1536-4948,,field,3.0800,2.1200e-20,atnf,-2.5114,-19.6737,-11.0926
J1537-5312,,field,6.9270,1.5900e-20,atnf,-2.1595,-19.7986,-10.9790
J1543-5149,,field,2.0570,1.6200e-20,atnf,-2.6868,-19.7905,-11.2386
J1544+4937,,field,2.1590,2.8000e-21,atnf,-2.6657,-20.5528,-11.6093
J1545-4550,,field,3.5750,5.2500e-20,atnf,-2.4467,-19.2798,-10.8633
J1546-5925,,field,7.7970,1.6100e-20,atnf,-2.1081,-19.7932,-10.9506
J1547-5709,,field,4.2910,7.4500e-21,atnf,-2.3674,-20.1278,-11.2476
J1551-0658,,field,7.0940,2.0500e-20,atnf,-2.1491,-19.6882,-10.9187
J1552+5437,,field,2.4280,2.8000e-21,atnf,-2.6148,-20.5528,-11.5838
J1552-4937,,field,6.2840,1.9000e-20,atnf,-2.2018,-19.7212,-10.9615
J1555-2908,,field,1.7880,4.4500e-20,atnf,-2.7476,-19.3516,-11.0496
J1600-3053,,field,3.5980,9.5000e-21,atnf,-2.4439,-20.0223,-11.2331
J1602-1009,,field,3.1160,4.7700e-21,atnf,-2.5064,-20.3215,-11.4139
J1603-7202,,field,14.8420,1.5600e-20,atnf,-1.8285,-19.8069,-10.8177
J1614-2230,,field,3.1510,9.6200e-21,atnf,-2.5016,-20.0168,-11.2592
J1618-3921,,field,11.9870,5.4100e-20,atnf,-1.9213,-19.2668,-10.5940
J1618-4624,,field,5.9310,3.1000e-21,atnf,-2.2269,-20.5086,-11.3678
J1622-0315,,field,3.8450,1.1400e-20,atnf,-2.4151,-19.9431,-11.1791
J1622-6617,,field,23.6230,5.8800e-20,atnf,-1.6267,-19.2306,-10.4286
J1625-0021,,field,2.8340,2.1300e-20,atnf,-2.5476,-19.6716,-11.1096
J1627+3219,,field,2.1830,5.4800e-21,atnf,-2.6609,-20.2612,-11.4611
J1628-3205,,field,3.2120,1.2000e-20,atnf,-2.4932,-19.9208,-11.2070
J1629-6902,,field,6.0010,1.0000e-20,atnf,-2.2218,-20.0000,-11.1109
J1630+3550,,field,3.2290,2.2600e-20,atnf,-2.4909,-19.6459,-11.0684
J1630+3734,,field,3.3180,1.0700e-20,atnf,-2.4791,-19.9706,-11.2249
J1640+2224,,field,3.1630,2.8200e-21,atnf,-2.4999,-20.5498,-11.5248
J1641+8049,,field,2.0210,9.7900e-21,atnf,-2.6944,-20.0092,-11.3518
J1643-1224,,field,4.6220,1.8500e-20,atnf,-2.3352,-19.7328,-11.0340
J1646-2142,,field,5.8530,8.3100e-21,atnf,-2.2326,-20.0804,-11.1565
J1649-3012,,field,3.4240,1.3300e-20,atnf,-2.4655,-19.8761,-11.1708
J1653-0158,,field,1.9680,2.4000e-21,atnf,-2.7060,-20.6198,-11.6629
J1653-2054,,field,4.1290,1.1200e-20,atnf,-2.3842,-19.9508,-11.1675
J1658-5324,,field,2.4390,1.1200e-20,atnf,-2.6128,-19.9508,-11.2818
J1708-3506,,field,4.5050,1.1400e-20,atnf,-2.3463,-19.9431,-11.1447
J1709+2313,,field,4.6310,3.6300e-21,atnf,-2.3343,-20.4401,-11.3872
J1710+4923,,field,3.2200,1.8200e-20,atnf,-2.4921,-19.7399,-11.1160
J1713+0747,,field,4.5700,8.5300e-21,atnf,-2.3401,-20.0691,-11.2046
J1719-1438,,field,5.7900,8.0400e-21,atnf,-2.2373,-20.0947,-11.1660
J1720-0533,,field,3.2680,8.1700e-21,atnf,-2.4857,-20.0878,-11.2867
J1721-2457,,field,3.4970,5.5400e-21,atnf,-2.4563,-20.2565,-11.3564
J1723-2837,,field,1.8560,7.5400e-21,atnf,-2.7314,-20.1226,-11.4270
J1725-3853,,field,4.7920,5.0000e-20,atnf,-2.3195,-19.3010,-10.8103
J1727-2946,,field,27.0830,2.4600e-19,atnf,-1.5673,-18.6091,-10.0882
J1727-2951,,field,28.4050,3.1000e-19,atnf,-1.5466,-18.5086,-10.0276
J1730-2304,,field,8.1230,2.0200e-20,atnf,-2.0903,-19.6946,-10.8925
J1731-1847,,field,2.3450,2.5400e-20,atnf,-2.6299,-19.5952,-11.1125
J1732-5049,,field,5.3130,1.4200e-20,atnf,-2.2747,-19.8477,-11.0612
J1737-0811,,field,4.1750,7.9300e-21,atnf,-2.3793,-20.1007,-11.2400
J1738+0333,,field,5.8500,2.4100e-20,atnf,-2.2328,-19.6180,-10.9254
J1740-5340A,,field,3.6500,1.6800e-19,atnf,-2.4377,-18.7747,-10.6062
J1741+1351,,field,3.7470,3.0200e-20,atnf,-2.4263,-19.5200,-10.9732
J1744-1134,,field,4.0750,8.9300e-21,atnf,-2.3899,-20.0491,-11.2195
J1744-7619,,field,4.6880,9.6800e-21,atnf,-2.3290,-20.0141,-11.1716
J1745+1017,,field,2.6520,2.7300e-21,atnf,-2.5764,-20.5638,-11.5701
J1745-0952,,field,19.3760,9.2500e-20,atnf,-1.7127,-19.0339,-10.3733
J1747-4036,,field,1.6460,1.3100e-20,atnf,-2.7836,-19.8827,-11.3331
B1744-24A,,field,11.5630,-3.4000e-20,atnf,-1.9369,-19.4685,-10.7027
J1748-3009,,field,9.6840,-3.5800e-20,atnf,-2.0139,-19.4461,-10.7300
J1751-2857,,field,3.9150,1.1200e-20,atnf,-2.4073,-19.9508,-11.1790
J1753-2819,,field,18.6240,-4.9400e-20,atnf,-1.7299,-19.3063,-10.5181
J1755-3716,,field,12.7860,3.1100e-20,atnf,-1.8933,-19.5072,-10.7003
J1756-2251,,field,28.4620,1.0200e-18,atnf,-1.5457,-17.9914,-9.7686
J1757-1854,,field,21.4970,2.6300e-18,atnf,-1.6676,-17.5800,-9.6238
J1757-2745,,field,17.6870,-1.3000e-20,atnf,-1.7523,-19.8861,-10.8192
J1757-5322,,field,8.8700,2.6300e-20,atnf,-2.0521,-19.5800,-10.8161
J1801-1417,,field,3.6250,5.3000e-21,atnf,-2.4407,-20.2757,-11.3582
J1801-3210,,field,7.4540,7.2200e-23,atnf,-2.1276,-22.1415,-12.1345
J1802-2124,,field,12.6480,7.2600e-20,atnf,-1.8980,-19.1391,-10.5185
J1803-6707,,field,2.1350,1.8500e-20,atnf,-2.6706,-19.7328,-11.2017
J1804-2717,,field,9.3430,4.0900e-20,atnf,-2.0295,-19.3883,-10.7089
J1804-2858,,field,1.4930,-7.5700e-22,atnf,-2.8259,-21.1209,-11.9734
J1805+0615,,field,2.1290,2.2800e-20,atnf,-2.6718,-19.6421,-11.1569
J1806+2819,,field,15.0840,3.7500e-20,atnf,-1.8215,-19.4260,-10.6237
J1807-2459B,,field,4.1860,8.2300e-20,atnf,-2.3782,-19.0846,-10.7314
J1810+1744,,field,1.6630,4.4800e-21,atnf,-2.7791,-20.3487,-11.5639
J1811-0624,,field,4.1460,4.8100e-21,atnf,-2.3824,-20.3179,-11.3501
J1811-2405,,field,2.6610,1.3800e-20,atnf,-2.5750,-19.8601,-11.2175
J1813-0402,,field,4.1070,6.9400e-21,atnf,-2.3865,-20.1586,-11.2726
J1813-2621,,field,4.4300,1.2500e-20,atnf,-2.3536,-19.9031,-11.1283
J1816+4510,,field,3.1930,4.3100e-20,atnf,-2.4958,-19.3655,-10.9307
J1824+1014,,field,4.0660,5.3700e-21,atnf,-2.3908,-20.2700,-11.3304
J1824-0621,,field,3.2330,9.1400e-21,atnf,-2.4904,-20.0391,-11.2647
J1825-0319,,field,4.5540,6.8000e-21,atnf,-2.3416,-20.1675,-11.2545
J1826-2415,,field,4.6960,1.7400e-20,atnf,-2.3283,-19.7595,-11.0439
J1827-0849,,field,2.2420,1.1000e-20,atnf,-2.6494,-19.9586,-11.3040
J1828+0625,,field,3.6280,4.6900e-21,atnf,-2.4403,-20.3288,-11.3846
J1832-0836,,field,2.7190,8.2700e-21,atnf,-2.5656,-20.0825,-11.3240
J1833-3840,,field,1.8660,1.7700e-20,atnf,-2.7291,-19.7520,-11.2406
J1835-0114,,field,5.1160,7.0000e-21,atnf,-2.2911,-20.1549,-11.2230
J1841+0130,,field,29.7730,8.1700e-18,atnf,-1.5262,-17.0878,-9.3070
J1843-1113,,field,1.8460,9.5600e-21,atnf,-2.7338,-20.0195,-11.3767
J1843-1448,,field,5.4710,6.2100e-21,atnf,-2.2619,-20.2069,-11.2344
J1844+0115,,field,4.1860,1.0700e-20,atnf,-2.3782,-19.9706,-11.1744
J1846-0513,,field,23.3700,1.0100e-18,atnf,-1.6313,-17.9957,-9.8135
J1850+0124,,field,3.5600,1.0900e-20,atnf,-2.4486,-19.9626,-11.2056
J1850+0242,,field,4.4800,1.6300e-19,atnf,-2.3487,-18.7878,-10.5683
J1852-1310,,field,4.3150,1.0200e-20,atnf,-2.3650,-19.9914,-11.1782
J1853+1303,,field,4.0920,8.7200e-21,atnf,-2.3881,-20.0595,-11.2238
J1855-1436,,field,3.5940,1.0900e-20,atnf,-2.4444,-19.9626,-11.2035
B1855+09,,field,5.3620,1.7800e-20,atnf,-2.2707,-19.7496,-11.0101
J1858-2216,,field,2.3840,3.8000e-21,atnf,-2.6227,-20.4202,-11.5215
J1900+0308,,field,4.9090,5.9000e-21,atnf,-2.3090,-20.2291,-11.2691
J1901+0300,,field,7.7970,4.5700e-20,atnf,-2.1081,-19.3401,-10.7241
J1901-0125,,field,2.7930,3.5800e-20,atnf,-2.5539,-19.4461,-11.0000
J1902-5105,,field,1.7420,9.2000e-21,atnf,-2.7590,-20.0362,-11.3976
J1903+0327,,field,2.1500,1.8800e-20,atnf,-2.6676,-19.7258,-11.1967
J1903-7051,,field,3.5980,1.0400e-20,atnf,-2.4439,-19.9830,-11.2135
J1904+0451,,field,6.0920,5.7200e-21,atnf,-2.2152,-20.2426,-11.2289
J1904+0852g,,field,6.1970,1.0100e-20,atnf,-2.2078,-19.9957,-11.1017
J1905+0400,,field,3.7840,4.9100e-21,atnf,-2.4220,-20.3089,-11.3655
J1906+0055,,field,2.7900,3.3200e-21,atnf,-2.5544,-20.4789,-11.5166
J1906+0454,,field,2.0830,2.9800e-21,atnf,-2.6813,-20.5258,-11.6035
J1908+0128,,field,4.7020,5.2700e-20,atnf,-2.3277,-19.2782,-10.8030
J1908+2105,,field,2.5640,1.3800e-20,atnf,-2.5911,-19.8601,-11.2256
J1909-3744,,field,2.9470,1.4000e-20,atnf,-2.5306,-19.8539,-11.1922
J1910+1256,,field,4.9840,9.6800e-21,atnf,-2.3024,-20.0141,-11.1583
J1910-5320,,field,2.3320,3.7000e-20,atnf,-2.6323,-19.4318,-11.0320
J1910-5959A,,field,3.2660,-2.9200e-21,atnf,-2.4860,-20.5346,-11.5103
J1910-5959C,,field,5.2770,2.1600e-21,atnf,-2.2776,-20.6655,-11.4716
B1908+00A,,field,3.6190,-6.5800e-21,atnf,-2.4414,-20.1818,-11.3116
J1911+1347,,field,4.6260,1.6900e-20,atnf,-2.3348,-19.7721,-11.0535
J1911-1114,,field,3.6260,1.3900e-20,atnf,-2.4406,-19.8570,-11.1488
J1912-0952,,field,25.0680,2.8600e-20,atnf,-1.6009,-19.5436,-10.5723
J1913+0618,,field,5.0270,9.6100e-21,atnf,-2.2987,-20.0173,-11.1580
J1913+1102,,field,27.2850,1.6100e-19,atnf,-1.5641,-18.7932,-10.1786
J1914+0659,,field,18.5120,3.1000e-20,atnf,-1.7325,-19.5086,-10.6206
J1918-0642,,field,7.6460,2.5700e-20,atnf,-2.1166,-19.5901,-10.8533
J1921+0137,,field,2.4960,1.9400e-20,atnf,-2.6028,-19.7122,-11.1575
J1921+1929,,field,2.6460,3.8200e-20,atnf,-2.5774,-19.4179,-10.9977
J1923+2515,,field,3.7880,9.5600e-21,atnf,-2.4216,-20.0195,-11.2206
J1928+1245,,field,3.0220,1.6800e-20,atnf,-2.5197,-19.7747,-11.1472
J1928-0548,,field,28.0410,1.0600e-19,atnf,-1.5522,-18.9747,-10.2635
J1929+0132,,field,6.4180,8.5600e-21,atnf,-2.1926,-20.0675,-11.1301
J1930+2441,,field,5.7670,8.6500e-21,atnf,-2.2391,-20.0630,-11.1510
J1933+1726,,field,21.5070,4.9000e-20,atnf,-1.6674,-19.3098,-10.4886
J1933-6211,,field,3.5430,3.8700e-21,atnf,-2.4506,-20.4123,-11.4315
J1937+1658,,field,3.9580,1.3200e-20,atnf,-2.4025,-19.8794,-11.1410
J1938+2012,,field,2.6340,7.5000e-22,atnf,-2.5794,-21.1249,-11.8522
J1938+6604,,field,22.2590,1.9500e-20,atnf,-1.6525,-19.7100,-10.6812
B1937+21,,field,1.5580,1.0500e-19,atnf,-2.8074,-18.9788,-10.8931
J1943+2210,,field,5.0840,8.7900e-21,atnf,-2.2938,-20.0560,-11.1749
J1944+0907,,field,5.1850,1.7300e-20,atnf,-2.2853,-19.7620,-11.0236
J1944+2236,,field,3.6180,7.4600e-21,atnf,-2.4415,-20.1273,-11.2844
J1946+2052,,field,16.9600,9.2000e-19,atnf,-1.7706,-18.0362,-9.9034
J1946+3417,,field,3.1700,3.1600e-21,atnf,-2.4989,-20.5003,-11.4996
J1949+3106,,field,13.1380,9.3900e-20,atnf,-1.8815,-19.0273,-10.4544
J1950+2414,,field,4.3050,1.8800e-20,atnf,-2.3660,-19.7258,-11.0459
J1952+2630,,field,20.7320,4.2700e-18,atnf,-1.6834,-17.3696,-9.5265
J1953+1844,,field,4.4440,2.1900e-20,atnf,-2.3522,-19.6596,-11.0059
J1955+2527,,field,4.8730,9.1200e-21,atnf,-2.3122,-20.0400,-11.1761
B1953+29,,field,6.1330,2.9700e-20,atnf,-2.2123,-19.5272,-10.8698
J1955+6708,,field,8.5650,1.2600e-20,atnf,-2.0673,-19.8996,-10.9835
J1957+2516,,field,3.9620,2.7400e-20,atnf,-2.4021,-19.5622,-10.9822
B1957+20,,field,1.6070,1.6900e-20,atnf,-2.7940,-19.7721,-11.2830
J2001+0701,,field,6.8200,1.4400e-20,atnf,-2.1662,-19.8416,-11.0039
J2006+0148,,field,2.1640,3.3000e-21,atnf,-2.6647,-20.4815,-11.5731
J2007+2722,,field,24.4970,9.6100e-19,atnf,-1.6109,-18.0173,-9.8141
J2010+3051,,field,4.8160,4.8700e-21,atnf,-2.3173,-20.3125,-11.3149
J2010-1323,,field,5.2230,4.8300e-21,atnf,-2.2821,-20.3161,-11.2991
J2015+0756,,field,4.3280,6.6700e-21,atnf,-2.3637,-20.1759,-11.2698
J2017+0603,,field,2.8960,7.9900e-21,atnf,-2.5382,-20.0975,-11.3178
J2017-1614,,field,2.3140,2.4500e-21,atnf,-2.6356,-20.6108,-11.6232
J2019+2425,,field,3.9350,7.0200e-21,atnf,-2.4051,-20.1537,-11.2794
J2022+2534,,field,2.6460,6.1600e-21,atnf,-2.5774,-20.2104,-11.3939
J2027+0255,,field,10.5960,5.2700e-20,atnf,-1.9749,-19.2782,-10.6265
J2033+1734,,field,5.9490,1.1100e-20,atnf,-2.2256,-19.9547,-11.0901
J2034+3632,,field,3.6500,1.7200e-21,atnf,-2.4377,-20.7645,-11.6011
J2039-3616,,field,3.2750,8.4100e-21,atnf,-2.4848,-20.0752,-11.2800
J2039-5617,,field,2.6510,1.4200e-20,atnf,-2.5766,-19.8477,-11.2122
J2042+0246,,field,4.5340,1.4000e-20,atnf,-2.3435,-19.8539,-11.0987
J2043+1711,,field,2.3800,5.2400e-21,atnf,-2.6234,-20.2807,-11.4520
J2047+1053,,field,4.2860,2.0800e-20,atnf,-2.3679,-19.6819,-11.0249
J2051-0827,,field,4.5090,1.2700e-20,atnf,-2.3459,-19.8962,-11.1211
J2052+1219,,field,1.9850,6.7000e-21,atnf,-2.7022,-20.1739,-11.4381
J2053+4650,,field,12.5860,1.7200e-19,atnf,-1.9001,-18.7645,-10.3323
J2055+15,,field,2.1600,2.0200e-20,atnf,-2.6655,-19.6946,-11.1801
J2055+1545,,field,2.1590,9.7700e-21,atnf,-2.6657,-20.0101,-11.3379
J2055+3829,,field,2.0890,1.0000e-21,atnf,-2.6801,-21.0000,-11.8400
J2115+5448,,field,2.6030,7.4900e-20,atnf,-2.5845,-19.1255,-10.8550
J2116+1345,,field,2.2190,2.6400e-21,atnf,-2.6538,-20.5784,-11.6161
J2124-3358,,field,4.9310,2.0600e-20,atnf,-2.3071,-19.6861,-10.9966
J2129-0429,,field,7.6140,3.2800e-19,atnf,-2.1184,-18.4841,-10.3013
J2129-5721,,field,3.7260,2.0900e-20,atnf,-2.4288,-19.6799,-11.0543
J2144-5237,,field,5.0410,9.0600e-21,atnf,-2.2975,-20.0429,-11.1702
J2145-0750,,field,16.0520,2.9800e-20,atnf,-1.7945,-19.5258,-10.6601
J2150-0326,,field,3.5110,8.1600e-21,atnf,-2.4546,-20.0883,-11.2714
J2205+6012,,field,2.4160,1.9800e-20,atnf,-2.6169,-19.7033,-11.1601
J2212+2450,,field,3.9080,1.9800e-21,atnf,-2.4080,-20.7033,-11.5557
J2214+3000,,field,3.1190,1.4700e-20,atnf,-2.5060,-19.8327,-11.1693
J2215+5135,,field,2.6100,3.3400e-20,atnf,-2.5834,-19.4763,-11.0298
J2229+2643,,field,2.9780,1.5200e-21,atnf,-2.5261,-20.8182,-11.6721
J2234+0611,,field,3.5770,1.2000e-20,atnf,-2.4465,-19.9208,-11.1836
J2234+0944,,field,3.6270,2.0100e-20,atnf,-2.4405,-19.6968,-11.0686
J2236-5527,,field,6.9080,9.6000e-21,atnf,-2.1606,-20.0177,-11.0892
J2241-5236,,field,2.1870,6.9000e-21,atnf,-2.6602,-20.1612,-11.4107
J2256-1024,,field,2.2950,1.1400e-20,atnf,-2.6392,-19.9431,-11.2912
J2302+4442,,field,5.1920,1.3900e-20,atnf,-2.2847,-19.8570,-11.0708
J2310-0555,,field,2.6130,4.9600e-21,atnf,-2.5829,-20.3045,-11.4437
J2317+1439,,field,3.4450,2.4300e-21,atnf,-2.4628,-20.6144,-11.5386
J2322+2057,,field,4.8080,9.6600e-21,atnf,-2.3180,-20.0150,-11.1665
J2322-2650,,field,3.4630,5.8300e-22,atnf,-2.4605,-21.2343,-11.8474
J2333-5526,,field,2.1020,7.8000e-21,atnf,-2.6774,-20.1079,-11.3926
J2339-0533,,field,2.8840,1.4100e-20,atnf,-2.5400,-19.8508,-11.1954
J2355+0051,,field,3.7190,3.2200e-21,atnf,-2.4296,-20.4921,-11.4609
