name,cluster,P_ms,P1_e20,Pb_days,is_binary,P,P1,log_P1,P1_sign,environment
J0023-7204C,47 Tuc,5.75678,-4.985,,False,0.00575678,-4.985e-20,-19.302334837352326,-1.0,globular_cluster
J0024-7204D,47 Tuc,5.35757,-0.3429,,False,0.00535757,-3.4289999999999996e-21,-20.464832514885057,-1.0,globular_cluster
J0024-7205E,47 Tuc,3.53633,9.851,2.25684,True,0.00353633,9.851e-20,-19.006519680930005,1.0,globular_cluster
J0024-7204F,47 Tuc,2.62358,6.45,,False,0.00262358,6.45e-20,-19.190440285364733,1.0,globular_cluster
J0024-7204G,47 Tuc,4.04038,-4.215,,False,0.00404038,-4.2149999999999997e-20,-19.37520242103924,-1.0,globular_cluster
J0024-7204H,47 Tuc,3.21034,-0.183,2.3577,True,0.00321034,-1.83e-21,-20.73754891026957,-1.0,globular_cluster
J0024-7204I,47 Tuc,3.48499,-4.587,0.22979,True,0.00348499,-4.587e-20,-19.33847125986802,-1.0,globular_cluster
J0023-7203J,47 Tuc,2.10063,-0.97922,0.12066,True,0.00210063,-9.792199999999999e-21,-20.00911972489527,-1.0,globular_cluster
J0024-7204L,47 Tuc,4.34617,-12.206,,False,0.00434617,-1.2206e-19,-18.913426634379427,-1.0,globular_cluster
J0023-7205M,47 Tuc,3.67664,-3.844,,False,0.00367664,-3.8439999999999995e-20,-19.41521662100349,-1.0,globular_cluster
J0024-7204N,47 Tuc,3.05395,-2.187,,False,0.00305395,-2.1869999999999998e-20,-19.660151216962362,-1.0,globular_cluster
J0024-7204O,47 Tuc,2.64334,3.0354,0.13597,True,0.0026433399999999997,3.0354e-20,-19.51778407020779,1.0,globular_cluster
J0024-7204Q,47 Tuc,4.03318,3.402,1.18908,True,0.00403318,3.402e-20,-19.46826569072345,1.0,globular_cluster
J0024-7204R,47 Tuc,3.48046,14.8371,0.06623,True,0.00348046,1.48371e-19,-18.828650976218274,1.0,globular_cluster
J0024-7204S,47 Tuc,2.83041,-2.054,1.20172,True,0.0028304100000000002,-2.0539999999999997e-20,-19.68739956073874,-1.0,globular_cluster
J0024-7204T,47 Tuc,7.58848,29.37,1.12618,True,0.00758848,2.937e-19,-18.5320960534772,1.0,globular_cluster
J0024-7203U,47 Tuc,4.34283,9.523,0.42911,True,0.00434283,9.522999999999999e-20,-19.021226215669877,1.0,globular_cluster
J0024-7204W,47 Tuc,2.35234,-8.6553,0.133,True,0.00235234,-8.6553e-20,-19.062717874514572,-1.0,globular_cluster
J0024-7201X,47 Tuc,4.77152,1.83609,10.9212,True,0.00477152,1.83609e-20,-19.736106034711355,1.0,globular_cluster
J0024-7204Y,47 Tuc,2.19666,-3.5172,0.52194,True,0.00219666,-3.5171999999999996e-20,-19.45380293551394,-1.0,globular_cluster
J0024-7204Z,47 Tuc,4.55445,-0.456,,False,0.00455445,-4.56e-21,-20.341035157335565,-1.0,globular_cluster
J0024-7204aa,47 Tuc,3.69076,-9.178,,False,0.00369076,-9.178e-20,-19.03725194664136,-1.0,globular_cluster
J0024-7204ab,47 Tuc,3.70464,0.9844,,False,0.00370464,9.844e-21,-20.006828394969236,1.0,globular_cluster
J0514-4002A,NGC 1851,4.99058,2.354,18.78518,True,0.00499058,2.354e-20,-19.628193541492585,1.0,globular_cluster
J0514-4002E,NGC 1851,5.59595,19.328,7.4479,True,0.005595950000000001,1.9327999999999998e-19,-18.713813083058962,1.0,globular_cluster
B1310+18A,M53,33.16317,67.307,255.8574,True,0.03316317,6.7307e-19,-18.171939766336454,1.0,globular_cluster
J1312+1810B,M53,6.24226,-1.746,47.67735,True,0.00624226,-1.7459999999999998e-20,-19.75795576063045,-1.0,globular_cluster
J1312+1810C,M53,12.53508,5.26,,False,0.01253508,5.2599999999999995e-20,-19.27901425584626,1.0,globular_cluster
J1312+1810D,M53,6.06974,2.26,5.75024,True,0.0060697400000000006,2.2599999999999998e-20,-19.6458915608526,1.0,globular_cluster
J1312+1810E,M53,3.97214,-0.758,2.43138,True,0.00397214,-7.58e-21,-20.120330794367945,-1.0,globular_cluster
J1326-4728A,Omega Cen,4.10879,2.738,,False,0.00410879,2.7379999999999997e-20,-19.56256655620203,1.0,globular_cluster
J1326-4728B,Omega Cen,4.79187,-5.433,0.08961,True,0.00479187,-5.433e-20,-19.26496029496628,-1.0,globular_cluster
J1326-4728C,Omega Cen,6.86786,0.98,,False,0.00686786,9.799999999999999e-21,-20.008773924307505,1.0,globular_cluster
J1326-4728D,Omega Cen,4.57883,-4.11,,False,0.00457883,-4.11e-20,-19.38615817812393,-1.0,globular_cluster
J1326-4728E,Omega Cen,4.20772,1.628,,False,0.00420772,1.6279999999999998e-20,-19.788345599446817,1.0,globular_cluster
J1342+2822A,M3,2.54474,-1.0169,0.1359,True,0.00254474,-1.0168999999999999e-20,-19.992721752665755,-1.0,globular_cluster
J1342+2822B,M3,2.38942,1.8694,1.41735,True,0.0023894199999999997,1.8694e-20,-19.7282977616463,1.0,globular_cluster
J1342+2822D,M3,5.44298,2.08,128.74549,True,0.00544298,2.0799999999999998e-20,-19.681936665037238,1.0,globular_cluster
J1342+2822E,M3,5.47287,-0.105,7.09685,True,0.00547287,-1.0499999999999999e-21,-20.97881070093006,-1.0,globular_cluster
J1342+2822F,M3,4.40381,3.1224,2.99199,True,0.00440381,3.1223999999999996e-20,-19.505511461726808,1.0,globular_cluster
B1516+02A,M5,5.55359,4.12985,,False,0.00555359,4.12985e-20,-19.38406572203738,1.0,globular_cluster
B1516+02B,M5,7.94694,-0.3308,6.85845,True,0.00794694,-3.3079999999999995e-21,-20.48043449911949,-1.0,globular_cluster
J1518+0204C,M5,2.48393,2.60791,0.08683,True,0.00248393,2.6079099999999997e-20,-19.58370740035492,1.0,globular_cluster
J1518+0204D,M5,2.98798,2.21796,1.22209,True,0.00298798,2.21796e-20,-19.654046290439304,1.0,globular_cluster
J1518+0204E,M5,3.1823,1.7939,1.09693,True,0.0031823000000000003,1.7939e-20,-19.74620177013175,1.0,globular_cluster
J1518+0204F,M5,2.65419,2.21,1.60952,True,0.00265419,2.21e-20,-19.65560772631489,1.0,globular_cluster
J1518+0204G,M5,2.75019,1.247,0.11393,True,0.00275019,1.2470000000000001e-20,-19.904133546521457,1.0,globular_cluster
J1617-2258A,M80,4.31831,6.1,0.78915,True,0.0043183100000000006,6.099999999999999e-20,-19.214670164989233,1.0,globular_cluster
B1620-26,M4,11.0758,-5.4693,191.443,True,0.011075799999999998,-5.4693e-20,-19.262068254213357,-1.0,globular_cluster
B1639+36A,M13,10.3775,-0.73,,False,0.0103775,-7.3e-21,-20.136677139879545,-1.0,globular_cluster
B1639+36B,M13,3.52807,-0.01,1.25911,True,0.00352807,-9.999999999999999e-23,-22.0,-1.0,globular_cluster
J1641+3627C,M13,3.72208,0.123,,False,0.00372208,1.23e-21,-20.910094888560604,1.0,globular_cluster
J1641+3627D,M13,3.11829,-2.36,0.59144,True,0.00311829,-2.3599999999999998e-20,-19.627087997029893,-1.0,globular_cluster
J1641+3627E,M13,2.48698,1.75,0.11262,True,0.00248698,1.75e-20,-19.756961951313706,1.0,globular_cluster
J1641+3627F,M13,3.0035,1.4,1.378,True,0.0030034999999999997,1.3999999999999998e-20,-19.853871964321762,1.0,globular_cluster
J1641+3627G,M13,4.32357,-0.6633,0.12052,True,0.0043235700000000005,-6.633e-21,-20.178290002701623,-1.0,globular_cluster
J1641+3627I,M13,6.37518,226.6,18.23378,True,0.00637518,2.2659999999999997e-18,-17.64474009447262,1.0,globular_cluster
J1701-3006A,M62,5.24157,-13.17006,3.80595,True,0.00524157,-1.317006e-19,-18.880412246480162,-1.0,globular_cluster
J1701-3006B,M62,3.59385,-34.9618,0.14455,True,0.00359385,-3.4961799999999993e-19,-18.456406215913393,-1.0,globular_cluster
J1701-3006C,M62,7.61285,-6.3325,0.215,True,0.00761285,-6.3325e-20,-19.198424801537413,-1.0,globular_cluster
J1701-3006D,M62,3.41777,13.56389,1.1179,True,0.00341777,1.356389e-19,-18.867615740907127,1.0,globular_cluster
J1701-3006E,M62,3.23374,30.74423,0.15848,True,0.00323374,3.074423e-19,-18.512236379540415,1.0,globular_cluster
J1701-3006F,M62,2.29473,22.07696,0.20549,True,0.00229473,2.207696e-19,-18.65606072922728,1.0,globular_cluster
J1701-3006G,M62,4.6081,-11.457,0.77443,True,0.0046081,-1.1457e-19,-18.94092908690702,-1.0,globular_cluster
J1701-3006H,M62,3.70476,3.789,0.13294,True,0.0037047599999999997,3.789e-20,-19.421475394725007,1.0,globular_cluster
J1701-3006I,M62,3.29562,-33.725,0.50925,True,0.00329562,-3.3725e-19,-18.47204804165606,-1.0,globular_cluster
J1717+4308A,M92,3.15972,6.1185,0.20087,True,0.00315972,6.1185e-20,-19.213355035627224,1.0,globular_cluster
J1740-5340,NGC 6397,3.65033,16.8,1.35406,True,0.00365033,1.68e-19,-18.774690718274137,1.0,globular_cluster
J1740-5340B,NGC 6397,5.78697,-0.6,1.97726,True,0.00578697,-6e-21,-20.221848749616356,-1.0,globular_cluster
J1748-2446A,Terzan 5,11.5632,-2.9,0.07564,True,0.011563200000000001,-2.9e-20,-19.537602002101043,-1.0,globular_cluster
J1748-2446C,Terzan 5,8.4361,-60.6,,False,0.0084361,-6.06e-19,-18.217527375833715,-1.0,globular_cluster
J1748-2446D,Terzan 5,4.71398,13.0,,False,0.00471398,1.2999999999999998e-19,-18.886056647693163,1.0,globular_cluster
J1748-2446E,Terzan 5,2.1978,-1.8,60.06,True,0.0021978,-1.8e-20,-19.744727494896694,-1.0,globular_cluster
J1748-2446F,Terzan 5,5.54014,0.4,,False,0.00554014,4e-21,-20.397940008672037,1.0,globular_cluster
J1748-2446G,Terzan 5,21.6719,39.0,,False,0.0216719,3.9e-19,-18.4089353929735,1.0,globular_cluster
J1748-2446H,Terzan 5,4.92589,-8.3,,False,0.00492589,-8.3e-20,-19.080921907623924,-1.0,globular_cluster
J1748-2446I,Terzan 5,9.57019,-7.1,1.328,True,0.009570190000000001,-7.1e-20,-19.148741651280925,-1.0,globular_cluster
J1748-2446J,Terzan 5,80.3379,250.0,1.102,True,0.0803379,2.4999999999999998e-18,-17.602059991327963,1.0,globular_cluster
J1748-2446K,Terzan 5,2.96965,-9.4,,False,0.0029696500000000003,-9.4e-20,-19.0268721464003,-1.0,globular_cluster
J1748-2446L,Terzan 5,2.2447,-1.7,,False,0.0022447,-1.7e-20,-19.769551078621728,-1.0,globular_cluster
J1748-2446M,Terzan 5,3.56957,49.0,0.4431,True,0.00356957,4.9e-19,-18.309803919971486,1.0,globular_cluster
J1748-2446N,Terzan 5,8.6669,55.0,0.3855,True,0.0086669,5.5e-19,-18.259637310505756,1.0,globular_cluster
J1748-2446O,Terzan 5,1.67663,-6.9,0.2595,True,0.0016766300000000001,-6.9e-20,-19.161150909262744,-1.0,globular_cluster
J1748-2446P,Terzan 5,1.72862,26.0,0.3626,True,0.00172862,2.5999999999999996e-19,-18.585026652029182,1.0,globular_cluster
J1748-2446Q,Terzan 5,2.812,-3.6,30.295,True,0.002812,-3.6e-20,-19.443697499232712,-1.0,globular_cluster
J1748-2446R,Terzan 5,5.02854,47.0,,False,0.00502854,4.7e-19,-18.327902142064282,1.0,globular_cluster
J1748-2446S,Terzan 5,6.11664,6.4,,False,0.0061166400000000004,6.4e-20,-19.193820026016112,1.0,globular_cluster
J1748-2446T,Terzan 5,7.08491,31.0,,False,0.00708491,3.1e-19,-18.50863830616573,1.0,globular_cluster
J1748-2446U,Terzan 5,3.28914,30.0,3.57026,True,0.0032891400000000003,3e-19,-18.522878745280337,1.0,globular_cluster
J1748-2446V,Terzan 5,2.07251,-9.5,0.5036,True,0.00207251,-9.5e-20,-19.022276394711152,-1.0,globular_cluster
J1748-2446W,Terzan 5,4.20518,12.0,4.877,True,0.00420518,1.1999999999999999e-19,-18.920818753952375,1.0,globular_cluster
J1748-2446X,Terzan 5,2.99926,5.9,4.9985,True,0.00299926,5.9e-20,-19.229147988357855,1.0,globular_cluster
J1748-2446Y,Terzan 5,2.04816,15.0,1.16443,True,0.0020481600000000003,1.5e-19,-18.82390874094432,1.0,globular_cluster
J1748-2446Z,Terzan 5,2.46259,-8.6,3.48807,True,0.00246259,-8.599999999999999e-20,-19.065501548756433,-1.0,globular_cluster
J1748-2446aa,Terzan 5,5.78804,-44.0,,False,0.0057880399999999995,-4.4e-19,-18.356547323513812,-1.0,globular_cluster
J1748-2446ab,Terzan 5,5.11971,42.0,,False,0.00511971,4.2e-19,-18.3767507096021,1.0,globular_cluster
J1748-2446ac,Terzan 5,5.08691,23.0,,False,0.005086909999999999,2.3e-19,-18.638272163982407,1.0,globular_cluster
J1748-2446ad,Terzan 5,1.39595,-3.4,1.09443,True,0.00139595,-3.4e-20,-19.468521082957746,-1.0,globular_cluster
J1748-2446ae,Terzan 5,3.65859,-57.0,0.17073,True,0.0036585899999999998,-5.7e-19,-18.24412514432751,-1.0,globular_cluster
J1748-2446af,Terzan 5,3.30434,-23.0,,False,0.00330434,-2.3e-19,-18.638272163982407,-1.0,globular_cluster
J1748-2446ag,Terzan 5,4.44803,1.2,,False,0.00444803,1.2e-20,-19.920818753952375,1.0,globular_cluster
J1748-2446ah,Terzan 5,4.96515,57.0,,False,0.004965150000000001,5.7e-19,-18.24412514432751,1.0,globular_cluster
J1748-2446ai,Terzan 5,21.22838,140.0,0.85088,True,0.02122838,1.3999999999999999e-18,-17.853871964321762,1.0,globular_cluster
J1748-2446aj,Terzan 5,2.95891,14.1232,,False,0.00295891,1.41232e-19,-18.850066890756736,1.0,globular_cluster
J1748-2446ak,Terzan 5,1.8901,8.8495,,False,0.0018900999999999998,8.8495e-20,-19.053081266406725,1.0,globular_cluster
J1748-2446am,Terzan 5,2.93382,-13.68,0.80011,True,0.0029338199999999997,-1.368e-19,-18.863913902615902,-1.0,globular_cluster
J1748-2446an,Terzan 5,4.802,15.5746,9.61975,True,0.004802,1.55746e-19,-18.807583098442375,1.0,globular_cluster
J1748-2446ao,Terzan 5,2.27438,8.6979,57.5556,True,0.00227438,8.6979e-20,-19.06058558973781,1.0,globular_cluster
J1748-2446ap,Terzan 5,3.74469,30.7,21.3882,True,0.0037446899999999997,3.07e-19,-18.512861624522813,1.0,globular_cluster
J1748-2446aq,Terzan 5,12.52194,-71.6198,0.11865,True,0.01252194,-7.161979999999999e-19,-18.144966896100122,-1.0,globular_cluster
J1748-2446ar,Terzan 5,1.95281,-26.48,0.51333,True,0.00195281,-2.648e-19,-18.57708201923234,-1.0,globular_cluster
J1748-2446as,Terzan 5,2.32646,25.59829,,False,0.00232646,2.5598289999999997e-19,-18.591789045171286,1.0,globular_cluster
J1748-2446at,Terzan 5,2.18819,-5.89966,0.21888,True,0.00218819,-5.89966e-20,-19.22917301621864,-1.0,globular_cluster
J1748-2446au,Terzan 5,4.54822,-10.6797,5.97946,True,0.0045482199999999995,-1.06797e-19,-18.971440946762005,-1.0,globular_cluster
J1748-2446av,Terzan 5,1.84945,-4.25047,3.38166,True,0.00184945,-4.25047e-20,-19.3715630447448,-1.0,globular_cluster
J1748-2446aw,Terzan 5,13.04908,130.6465,0.73138,True,0.01304908,1.3064649999999999e-18,-17.88390222046438,1.0,globular_cluster
J1748-2446ax,Terzan 5,1.9435,-0.95495,30.2088,True,0.0019435,-9.549499999999998e-21,-20.0200193669425,-1.0,globular_cluster
J1748-2021B,NGC 6440,16.7601,-32.913,20.55,True,0.0167601,-3.2912999999999994e-19,-18.48263253022263,-1.0,globular_cluster
J1748-2021C,NGC 6440,6.22693,-5.984,,False,0.00622693,-5.984e-20,-19.223008415143596,-1.0,globular_cluster
J1748-2021D,NGC 6440,13.4958,58.678,0.28607,True,0.013495799999999999,5.8678e-19,-18.23152469721059,1.0,globular_cluster
J1748-2021E,NGC 6440,16.264,31.24,,False,0.016264,3.1239999999999997e-19,-18.505288974794738,1.0,globular_cluster
J1748-2021F,NGC 6440,3.79363,-1.055,9.83397,True,0.0037936299999999997,-1.0549999999999998e-20,-19.97674754036629,-1.0,globular_cluster
J1748-2021G,NGC 6440,5.21534,-15.9525,,False,0.005215340000000001,-1.59525e-19,-18.79717124670557,-1.0,globular_cluster
J1748-2021H,NGC 6440,2.84849,18.9976,0.36079,True,0.00284849,1.8997599999999997e-19,-18.72130126076254,1.0,globular_cluster
J1750-37A,NGC 6441,111.608,566.1,17.3343,True,0.111608,5.661e-18,-17.247106845115407,1.0,globular_cluster
J1750-3703B,NGC 6441,6.07454,1.92,3.60511,True,0.00607454,1.92e-20,-19.71669877129645,1.0,globular_cluster
J1750-3703C,NGC 6441,26.5687,-99.6,,False,0.0265687,-9.96e-19,-18.001740661576303,-1.0,globular_cluster
J1750-3703D,NGC 6441,5.13994,49.28,,False,0.00513994,4.928e-19,-18.30732930084363,1.0,globular_cluster
J1801-0857A,NGC 6517,7.17561,-50.992,,False,0.00717561,-5.099199999999999e-19,-18.292497953870342,-1.0,globular_cluster
J1801-0857B,NGC 6517,28.96159,220.34,59.8364,True,0.028961590000000002,2.2033999999999998e-18,-17.656906654903864,1.0,globular_cluster
J1801-0857C,NGC 6517,3.7387,-6.298,,False,0.0037387,-6.298e-20,-19.200797343699474,-1.0,globular_cluster
J1801-0857D,NGC 6517,4.22653,0.752,,False,0.00422653,7.519999999999999e-21,-20.123782159408357,1.0,globular_cluster
J1801-0857E,NGC 6517,7.6017,-103.598,,False,0.0076017,-1.0359799999999999e-18,-17.984648628735073,-1.0,globular_cluster
J1801-0857F,NGC 6517,24.89199,-267.08,,False,0.02489199,-2.6707999999999997e-18,-17.573358632438556,-1.0,globular_cluster
J1801-0857G,NGC 6517,51.59137,10.7,,False,0.05159137,1.0699999999999999e-19,-18.970616222314792,1.0,globular_cluster
J1801-0857H,NGC 6517,5.64272,3.431,,False,0.0056427199999999995,3.431e-20,-19.464579281943827,1.0,globular_cluster
J1801-0857I,NGC 6517,3.2542,-1.642,,False,0.0032542,-1.6419999999999998e-20,-19.78462684721658,-1.0,globular_cluster
J1801-0857K,NGC 6517,9.5905,81.8,,False,0.0095905,8.179999999999999e-19,-18.087246696328677,1.0,globular_cluster
J1801-0857L,NGC 6517,6.0573,-3.38,,False,0.0060573,-3.3799999999999997e-20,-19.471083299722345,-1.0,globular_cluster
J1801-0857M,NGC 6517,5.3568,48.586,,False,0.0053568,4.858599999999999e-19,-18.313488854166774,1.0,globular_cluster
J1801-0857N,NGC 6517,4.9946,-53.15,,False,0.0049946,-5.314999999999999e-19,-18.274496731140683,-1.0,globular_cluster
J1801-0857O,NGC 6517,4.2871,12.139,,False,0.004287099999999999,1.2138999999999998e-19,-18.915817088579526,1.0,globular_cluster
J1803-3002A,NGC 6522,7.10139,4.0,,False,0.00710139,4e-20,-19.397940008672037,1.0,globular_cluster
J1803-3002C,NGC 6522,5.8404,69.73,,False,0.0058404,6.973e-19,-18.15658033479508,1.0,globular_cluster
B1802-07,NGC 6539,23.1009,47.0,2.61676,True,0.0231009,4.7e-19,-18.327902142064282,1.0,globular_cluster
J1807-2459A,NGC 6544,3.05945,-0.4335,0.07109,True,0.00305945,-4.335e-21,-20.36301089818777,-1.0,globular_cluster
J1807-2500B,NGC 6544,4.18618,8.23245,9.95667,True,0.00418618,8.232449999999999e-20,-19.08447089830692,1.0,globular_cluster
B1820-30A,NGC 6624,5.44,338.5,,False,0.00544,3.3849999999999997e-18,-17.470441326978836,1.0,globular_cluster
J1823-3021G,NGC 6624,6.09129,-1.8,1.54014,True,0.00609129,-1.8e-20,-19.744727494896694,-1.0,globular_cluster
B1821-24A,M28,3.05431,155.0,,False,0.00305431,1.5499999999999998e-18,-17.80966830182971,1.0,globular_cluster
J1824-2452B,M28,6.54666,-24.15,,False,0.00654666,-2.415e-19,-18.61708286491247,-1.0,globular_cluster
J1824-2452C,M28,4.15828,17.0158,8.07781,True,0.00415828,1.7015799999999999e-19,-18.769147627677896,1.0,globular_cluster
J1824-2452E,M28,5.41913,-10.88,,False,0.00541913,-1.088e-19,-18.96337110463784,-1.0,globular_cluster
J1824-2452F,M28,2.45115,0.9494,,False,0.00245115,9.493999999999999e-21,-20.02255077261766,1.0,globular_cluster
J1824-2452G,M28,5.90906,17.89,0.10458,True,0.00590906,1.789e-19,-18.747389659432628,1.0,globular_cluster
J1824-2452H,M28,4.62941,8.19,0.43503,True,0.00462941,8.189999999999999e-20,-19.08671609823958,1.0,globular_cluster
J1824-2452J,M28,4.03969,-7.57,0.09743,True,0.00403969,-7.57e-20,-19.120904120499926,-1.0,globular_cluster
J1824-2452M,M28,4.78428,12.2818,0.24252,True,0.00478428,1.22818e-19,-18.910737979059665,1.0,globular_cluster
J1824-2452N,M28,3.35287,15.9209,0.19849,True,0.00335287,1.5920899999999998e-19,-18.798032385468588,1.0,globular_cluster
J1835-3259B,NGC 6652,1.83029,6.65,1.19786,True,0.00183029,6.65e-20,-19.177178354696895,1.0,globular_cluster
J1836-2354A,M22,3.35434,0.2318,0.20283,True,0.00335434,2.318e-21,-20.634886568372423,1.0,globular_cluster
J1836-2354B,M22,3.23227,-0.048,,False,0.00323227,-4.8e-22,-21.318758762624412,-1.0,globular_cluster
J1911-5958A,NGC 6752,3.26619,0.29679,0.83711,True,0.00326619,2.9678999999999998e-21,-20.52755073620293,1.0,globular_cluster
J1910-5959B,NGC 6752,8.3578,-79.9,,False,0.008357799999999999,-7.99e-19,-18.09745322068601,-1.0,globular_cluster
J1911-6000C,NGC 6752,5.27733,0.22,,False,0.00527733,2.2e-21,-20.657577319177793,1.0,globular_cluster
J1910-5959D,NGC 6752,9.03529,96.3,,False,0.00903529,9.63e-19,-18.016373712875467,1.0,globular_cluster
J1910-5959E,NGC 6752,4.57177,-43.7,,False,0.00457177,-4.37e-19,-18.359518563029578,-1.0,globular_cluster
J1910-5959F,NGC 6752,8.48549,74.122,,False,0.00848549,7.412199999999999e-19,-18.130052870825814,1.0,globular_cluster
J1911+0102A,NGC 6760,3.61852,-0.658,0.140996,True,0.00361852,-6.58e-21,-20.181774106386044,-1.0,globular_cluster
J1911+0101B,NGC 6760,5.38432,-0.2,,False,0.00538432,-2e-21,-20.69897000433602,-1.0,globular_cluster
J1953+1846A,M71,4.8883,4.8502,0.176795,True,0.0048883,4.8501999999999996e-20,-19.314240352716183,1.0,globular_cluster
J1953+1846B,M71,79.89931,100.7,466.46888,True,0.07989931,1.007e-18,-17.996970529446383,1.0,globular_cluster
J1953+1846C,M71,28.9328,4.04,378.23276,True,0.0289328,4.04e-20,-19.393618634889396,1.0,globular_cluster
J1953+1846D,M71,100.67902,8.0,10.93804,True,0.10067902,8e-20,-19.096910013008056,1.0,globular_cluster
J1953+1846E,M71,4.44408,2.217,0.03704,True,0.0044440799999999996,2.217e-20,-19.654234306885513,1.0,globular_cluster
B2127+11A,M15,110.66469,-2099.07,,False,0.11066469,-2.09907e-17,-16.67797307827952,-1.0,globular_cluster
B2127+11B,M15,56.13304,954.58,,False,0.05613304,9.5458e-18,-17.020187669048582,1.0,globular_cluster
B2127+11C,M15,30.52929,498.85,0.33528,True,0.03052929,4.9885e-18,-17.30203002344566,1.0,globular_cluster
B2127+11D,M15,4.8028,-107.01,,False,0.0048028,-1.0701e-18,-17.970575635941984,-1.0,globular_cluster
B2127+11E,M15,4.65144,18.5465,,False,0.00465144,1.8546500000000001e-19,-18.731738036135393,1.0,globular_cluster
B2127+11F,M15,4.02704,2.7113,,False,0.004027040000000001,2.7113e-20,-19.566822425932525,1.0,globular_cluster
B2127+11G,M15,37.66017,163.4,,False,0.03766017,1.634e-18,-17.786747947803605,1.0,globular_cluster
B2127+11H,M15,6.74339,2.138,,False,0.00674339,2.138e-20,-19.66999229912724,1.0,globular_cluster
J2129+1210J,M15,11.84248,20.407,,False,0.01184248,2.0407e-19,-18.690220835519522,1.0,globular_cluster
J2129+1210M,M15,4.83618,-23.68,,False,0.00483618,-2.3679999999999996e-19,-18.625618301949117,-1.0,globular_cluster
J2129+1210O,M15,11.06687,-219.46,,False,0.01106687,-2.1946e-18,-17.658644625136294,-1.0,globular_cluster
J2133-0049A,M2,10.14929,16.832,4.25549,True,0.01014929,1.6832e-19,-18.773864277526354,1.0,globular_cluster
J2133-0049B,M2,6.97455,-5.112,9.34713,True,0.0069745499999999995,-5.112e-20,-19.291409154849656,-1.0,globular_cluster
J2133-0049C,M2,3.00493,-2.2152,1.10912,True,0.00300493,-2.2151999999999997e-20,-19.654587057262482,-1.0,globular_cluster
J2133-0049D,M2,4.21574,7.618,3.4297,True,0.00421574,7.618e-20,-19.118159031675074,1.0,globular_cluster
J2133-0049E,M2,3.70312,3.923,1.5973,True,0.0037031200000000003,3.923e-20,-19.406381691870465,1.0,globular_cluster
J2133-0049F,M2,4.78089,3.042,3.59847,True,0.00478089,3.0419999999999996e-20,-19.51684079028302,1.0,globular_cluster
J2133-0049G,M2,2.53574,2.6836,0.12036,True,0.0025357400000000003,2.6836e-20,-19.571282216796167,1.0,globular_cluster
J2140-2310A,M30,11.0193,-5.181,0.17399,True,0.0110193,-5.181e-20,-19.285586407712877,-1.0,globular_cluster
J0437-4715,,5.757,14.0,5.741,True,0.005757,1.4e-19,-18.853871964321762,1.0,field
J1909-3744,,2.947,14.0,1.533,True,0.002947,1.4e-19,-18.853871964321762,1.0,field
J0613-0200,,3.062,9.6,1.199,True,0.0030619999999999996,9.6e-20,-19.01772876696043,1.0,field
J1012+5307,,5.256,17.1,0.605,True,0.005256,1.71e-19,-18.767003889607846,1.0,field
J1713+0747,,4.57,8.5,67.825,True,0.00457,8.499999999999999e-20,-19.07058107428571,1.0,field
J1744-1134,,4.075,8.9,,False,0.0040750000000000005,8.899999999999999e-20,-19.05060999335509,1.0,field
J1857+0943,,5.362,17.8,12.327,True,0.0053620000000000004,1.7799999999999999e-19,-18.749579997691107,1.0,field
J1939+2134,,1.558,105.0,,False,0.0015580000000000001,1.05e-18,-17.97881070093006,1.0,field
J2145-0750,,16.05,29.8,6.839,True,0.016050000000000002,2.9799999999999997e-19,-18.525783735923746,1.0,field
J0030+0451,,4.865,10.2,,False,0.004865,1.0199999999999999e-19,-18.991399828238084,1.0,field
J0751+1807,,3.479,7.8,0.263,True,0.003479,7.799999999999999e-20,-19.10790539730952,1.0,field
J1024-0719,,5.162,18.6,,False,0.005162,1.86e-19,-18.730487055782085,1.0,field
J1600-3053,,3.598,9.5,14.348,True,0.003598,9.5e-20,-19.022276394711152,1.0,field
J1640+2224,,3.163,2.8,175.461,True,0.003163,2.7999999999999997e-20,-19.55284196865778,1.0,field
J1738+0333,,5.85,24.1,0.355,True,0.005849999999999999,2.41e-19,-18.61798295742513,1.0,field
J1853+1303,,4.092,8.7,115.654,True,0.004091999999999999,8.699999999999999e-20,-19.06048074738138,1.0,field
J2124-3358,,4.931,20.6,,False,0.004931,2.06e-19,-18.686132779630846,1.0,field
J2317+1439,,3.445,2.4,2.459,True,0.0034449999999999997,2.4e-20,-19.619788758288394,1.0,field
J0340+4130,,3.299,7.0,,False,0.003299,7e-20,-19.154901959985743,1.0,field
J0645+5158,,8.854,4.9,,False,0.008853999999999999,4.9e-20,-19.309803919971486,1.0,field
J1022+1001,,16.45,43.3,7.805,True,0.01645,4.3299999999999993e-19,-18.363512103646634,1.0,field
J1455-3330,,7.987,24.3,76.175,True,0.007987,2.43e-19,-18.614393726401687,1.0,field
J1614-2230,,3.151,9.6,8.687,True,0.0031509999999999997,9.6e-20,-19.01772876696043,1.0,field
J1643-1224,,4.622,18.5,147.017,True,0.004622,1.8499999999999998e-19,-18.732828271596986,1.0,field
J1741+1351,,3.747,9.1,16.335,True,0.003747,9.099999999999999e-20,-19.040958607678906,1.0,field
J1802-2124,,12.65,47.0,0.699,True,0.01265,4.7e-19,-18.327902142064282,1.0,field
J1843-1113,,1.846,9.7,,False,0.001846,9.699999999999998e-20,-19.013228265733755,1.0,field
J1903+0327,,2.15,18.8,95.174,True,0.00215,1.88e-19,-18.72584215073632,1.0,field
J1918-0642,,7.646,25.7,10.913,True,0.007646,2.5699999999999996e-19,-18.590066876668704,1.0,field
J2043+1711,,2.38,5.2,1.482,True,0.0023799999999999997,5.2e-20,-19.2839966563652,1.0,field
J2229+2643,,2.978,1.5,93.016,True,0.002978,1.4999999999999998e-20,-19.82390874094432,1.0,field
J2234+0611,,3.577,7.9,32.001,True,0.003577,7.9e-20,-19.102372908709558,1.0,field
J2302+4442,,5.192,13.9,125.935,True,0.0051920000000000004,1.39e-19,-18.856985199745903,1.0,field
B1913+16,,59.03,862.7,0.323,True,0.05903,8.627e-18,-17.06414020196212,1.0,field
J0737-3039A,,22.7,17600.0,0.102,True,0.022699999999999998,1.76e-16,-15.75448733218585,1.0,field
