source,environment,cluster,name,P_ms,P1_sps,logP,logPdot_abs,log_b_proxy
freire,globular_cluster,47 Tuc (NGC 104),J0023-7204C,5.7568,-4.9850e-20,-2.2398,-19.3023,-10.7711
freire,globular_cluster,47 Tuc (NGC 104),J0024-7204D,5.3576,-3.4290e-21,-2.2710,-20.4648,-11.3679
freire,globular_cluster,47 Tuc (NGC 104),J0024-7205E,3.5363,9.8510e-20,-2.4514,-19.0065,-10.7290
freire,globular_cluster,47 Tuc (NGC 104),J0024-7204F,2.6236,6.4500e-20,-2.5811,-19.1904,-10.8858
freire,globular_cluster,47 Tuc (NGC 104),J0024-7204G,4.0404,-4.2150e-20,-2.3936,-19.3752,-10.8844
freire,globular_cluster,47 Tuc (NGC 104),J0024-7204H,3.2103,-1.8300e-21,-2.4934,-20.7375,-11.6155
freire,globular_cluster,47 Tuc (NGC 104),J0024-7204I,3.4850,-4.5870e-20,-2.4578,-19.3385,-10.8981
freire,globular_cluster,47 Tuc (NGC 104),J0024-7204L,4.3462,-1.2206e-19,-2.3619,-18.9134,-10.6377
freire,globular_cluster,47 Tuc (NGC 104),J0023-7205M,3.6766,-3.8440e-20,-2.4345,-19.4152,-10.9249
freire,globular_cluster,47 Tuc (NGC 104),J0024-7204N,3.0539,-2.1870e-20,-2.5151,-19.6602,-11.0876
freire,globular_cluster,47 Tuc (NGC 104),J0024-7204O     0.06,3.0354,2.4363e-19,-2.5178,-18.6133,-10.5655
freire,globular_cluster,47 Tuc (NGC 104),J0024-7204Q,4.0332,3.4020e-20,-2.3944,-19.4683,-10.9313
freire,globular_cluster,47 Tuc (NGC 104),J0024-7204R,3.4805,1.4837e-19,-2.4584,-18.8287,-10.6435
freire,globular_cluster,47 Tuc (NGC 104),J0024-7204S,2.8304,-2.0540e-20,-2.5482,-19.6874,-11.1178
freire,globular_cluster,47 Tuc (NGC 104),J0024-7204T,7.5885,2.9370e-19,-2.1198,-18.5321,-10.3260
freire,globular_cluster,47 Tuc (NGC 104),J0024-7203U,4.3428,9.5230e-20,-2.3622,-19.0212,-10.6917
freire,globular_cluster,47 Tuc (NGC 104),J0024-7204W,2.3523,-8.6553e-20,-2.6285,-19.0627,-10.8456
freire,globular_cluster,47 Tuc (NGC 104),J0024-7201X,4.7715,1.8361e-20,-2.3213,-19.7361,-11.0287
freire,globular_cluster,47 Tuc (NGC 104),J0024-7204Y,2.1967,-3.5172e-20,-2.6582,-19.4538,-11.0560
freire,globular_cluster,47 Tuc (NGC 104),J0024-7204Z,4.5545,-4.5600e-21,-2.3416,-20.3410,-11.3413
freire,globular_cluster,47 Tuc (NGC 104),J0024-7204aa,3.6908,-9.1780e-20,-2.4329,-19.0373,-10.7351
freire,globular_cluster,47 Tuc (NGC 104),J0024-7204ab,3.7046,9.8440e-21,-2.4313,-20.0068,-11.2190
freire,globular_cluster,NGC 1851,J0514-4002A,4.9906,2.3540e-20,-2.3018,-19.6282,-10.9650
freire,globular_cluster,NGC 1851,J0514-4002E,5.5960,1.9328e-19,-2.2521,-18.7138,-10.4830
freire,globular_cluster,M53 (NGC 5024),J1312+1810B,6.2423,-1.7460e-20,-2.2047,-19.7580,-10.9813
freire,globular_cluster,M53 (NGC 5024),J1312+1810C,12.5351,5.2600e-20,-1.9019,-19.2790,-10.5904
freire,globular_cluster,M53 (NGC 5024),J1312+1810D,6.0697,2.2600e-20,-2.2168,-19.6459,-10.9314
freire,globular_cluster,M53 (NGC 5024),J1312+1810E,3.9721,-7.5800e-21,-2.4010,-20.1203,-11.2607
freire,globular_cluster,Omega Centauri (NGC 5139),J1326-4728A,4.1088,2.7380e-20,-2.3863,-19.5626,-10.9744
freire,globular_cluster,Omega Centauri (NGC 5139),J1326-4728B,4.7919,-5.4330e-20,-2.3195,-19.2650,-10.7922
freire,globular_cluster,Omega Centauri (NGC 5139),J1326-4728C,6.8679,9.8000e-21,-2.1632,-20.0088,-11.0860
freire,globular_cluster,Omega Centauri (NGC 5139),J1326-4728D,4.5788,-4.1100e-20,-2.3392,-19.3862,-10.8627
freire,globular_cluster,Omega Centauri (NGC 5139),J1326-4728E,4.2077,1.6280e-20,-2.3760,-19.7883,-11.0821
freire,globular_cluster,M3 (NGC 5272),J1342+2822B,1.8694,2.6151e-19,-2.7283,-18.5825,-10.6554
freire,globular_cluster,M3 (NGC 5272),J1342+2822D,2.0800,2.6368e-19,-2.6819,-18.5789,-10.6304
freire,globular_cluster,M3 (NGC 5272),J1342+2822F,3.1224,2.6436e-19,-2.5055,-18.5778,-10.5417
freire,globular_cluster,M5 (NGC 5904),B1516+02A,5.5536,4.1299e-20,-2.2554,-19.3841,-10.8197
freire,globular_cluster,M5 (NGC 5904),B1516+02B,7.9469,-3.3080e-21,-2.0998,-20.4804,-11.2901
freire,globular_cluster,M5 (NGC 5904),J1518+0204C,2.4839,2.6079e-20,-2.6049,-19.5837,-11.0943
freire,globular_cluster,M5 (NGC 5904),J1518+0204D,2.9880,2.2180e-20,-2.5246,-19.6540,-11.0893
freire,globular_cluster,M5 (NGC 5904),J1518+0204E,3.1823,1.7939e-20,-2.4973,-19.7462,-11.1217
freire,globular_cluster,M5 (NGC 5904),J1518+0204F,2.6542,2.2100e-20,-2.5761,-19.6556,-11.1158
freire,globular_cluster,M5 (NGC 5904),J1518+0204G,2.7502,1.2470e-20,-2.5606,-19.9041,-11.2324
freire,globular_cluster,M80 (NGC 6093),J1617-2258A,4.3183,6.1000e-20,-2.3647,-19.2147,-10.7897
freire,globular_cluster,M4 (NGC 6121),B1620-26,11.0758,-5.4693e-20,-1.9556,-19.2621,-10.6088
freire,globular_cluster,M13 (NGC 6205),B1639+36A,10.3775,-7.3000e-21,-1.9839,-20.1367,-11.0603
freire,globular_cluster,M13 (NGC 6205),B1639+36B,3.5281,-1.0000e-22,-2.4525,-22.0000,-12.2262
freire,globular_cluster,M13 (NGC 6205),J1641+3627C,3.7221,1.2300e-21,-2.4292,-20.9101,-11.6697
freire,globular_cluster,M13 (NGC 6205),J1641+3627D,3.1183,-2.3600e-20,-2.5061,-19.6271,-11.0666
freire,globular_cluster,M13 (NGC 6205),J1641+3627E,2.4870,1.7500e-20,-2.6043,-19.7570,-11.1806
freire,globular_cluster,M13 (NGC 6205),J1641+3627F,3.0035,1.4000e-20,-2.5224,-19.8539,-11.1881
freire,globular_cluster,M13 (NGC 6205),J1641+3627G,4.3236,-6.6330e-21,-2.3642,-20.1783,-11.2712
freire,globular_cluster,M13 (NGC 6205),J1641+3627I,6.3752,2.2660e-18,-2.1955,-17.6447,-9.9201
freire,globular_cluster,M62 (NGC 6266),J1701-3006A,5.2416,-1.3170e-19,-2.2805,-18.8804,-10.5805
freire,globular_cluster,M62 (NGC 6266),J1701-3006B,3.5939,-3.4962e-19,-2.4444,-18.4564,-10.4504
freire,globular_cluster,M62 (NGC 6266),J1701-3006C,7.6128,-6.3325e-20,-2.1185,-19.1984,-10.6584
freire,globular_cluster,M62 (NGC 6266),J1701-3006D,3.4178,1.3564e-19,-2.4663,-18.8676,-10.6669
freire,globular_cluster,M62 (NGC 6266),J1701-3006E,3.2337,3.0744e-19,-2.4903,-18.5122,-10.5013
freire,globular_cluster,M62 (NGC 6266),J1701-3006F,2.2947,2.2077e-19,-2.6393,-18.6561,-10.6477
freire,globular_cluster,M62 (NGC 6266),J1701-3006G,4.6081,-1.1457e-19,-2.3365,-18.9409,-10.6387
freire,globular_cluster,M62 (NGC 6266),J1701-3006H,3.7048,3.7890e-20,-2.4312,-19.4215,-10.9264
freire,globular_cluster,M62 (NGC 6266),J1701-3006I,3.2956,-3.3725e-19,-2.4821,-18.4720,-10.4771
freire,globular_cluster,M92 (NGC 6341),J1717+4308A,3.1597,6.1185e-20,-2.5004,-19.2134,-10.8569
freire,globular_cluster,Terzan 1,J1735-3028B,11.1366,-8.9500e-18,-1.9532,-17.0482,-9.5007
freire,globular_cluster,Terzan 1,J1735-3028C,6.0388,-4.4300e-20,-2.2190,-19.3536,-10.7863
freire,globular_cluster,Terzan 1,J1735-3028D,5.3864,2.7700e-18,-2.2687,-17.5575,-9.9131
freire,globular_cluster,Terzan 1,J1735-3028E,3.0783,5.5900e-19,-2.5117,-18.2526,-10.3821
freire,globular_cluster,Terzan 1,J1735-3028F,5.2138,-2.0500e-18,-2.2828,-17.6882,-9.9855
freire,globular_cluster,Terzan 1,J1735-3028G,3.9179,1.3800e-19,-2.4069,-18.8601,-10.6335
freire,globular_cluster,M14 (NGC 6402),J1737-0314A,1.9800,9.5500e-20,-2.7033,-19.0200,-10.8617
freire,globular_cluster,NGC 6397,J1740-5340,3.6503,1.6800e-19,-2.4377,-18.7747,-10.6062
freire,globular_cluster,NGC 6397,J1740-5340B,5.7870,-6.0000e-21,-2.2375,-20.2218,-11.2297
freire,globular_cluster,Terzan 5,J1748-2446A,11.5632,-2.9000e-20,-1.9369,-19.5376,-10.7373
freire,globular_cluster,Terzan 5,J1748-2446C,8.4361,-6.0600e-19,-2.0739,-18.2175,-10.1457
freire,globular_cluster,Terzan 5,J1748-2446D,4.7140,1.3000e-19,-2.3266,-18.8861,-10.6063
freire,globular_cluster,Terzan 5,J1748-2446E,2.1978,-1.8000e-20,-2.6580,-19.7447,-11.2014
freire,globular_cluster,Terzan 5,J1748-2446F,5.5401,4.0000e-21,-2.2565,-20.3979,-11.3272
freire,globular_cluster,Terzan 5,J1748-2446G,21.6719,3.9000e-19,-1.6641,-18.4089,-10.0365
freire,globular_cluster,Terzan 5,J1748-2446H,4.9259,-8.3000e-20,-2.3075,-19.0809,-10.6942
freire,globular_cluster,Terzan 5,J1748-2446I,9.5702,-7.1000e-20,-2.0191,-19.1487,-10.5839
freire,globular_cluster,Terzan 5,J1748-2446K,2.9697,-9.4000e-20,-2.5273,-19.0269,-10.7771
freire,globular_cluster,Terzan 5,J1748-2446L,2.2447,-1.7000e-20,-2.6488,-19.7696,-11.2092
freire,globular_cluster,Terzan 5,J1748-2446M,3.5696,4.9000e-19,-2.4474,-18.3098,-10.3786
freire,globular_cluster,Terzan 5,J1748-2446N,8.6669,5.5000e-19,-2.0621,-18.2596,-10.1609
freire,globular_cluster,Terzan 5,J1748-2446O,1.6766,-6.9000e-20,-2.7756,-19.1612,-10.9684
freire,globular_cluster,Terzan 5,J1748-2446P,1.7286,2.6000e-19,-2.7623,-18.5850,-10.6737
freire,globular_cluster,Terzan 5,J1748-2446Q,2.8120,-3.6000e-20,-2.5510,-19.4437,-10.9973
freire,globular_cluster,Terzan 5,J1748-2446R,5.0285,4.7000e-19,-2.2986,-18.3279,-10.3132
freire,globular_cluster,Terzan 5,J1748-2446S,6.1166,6.4000e-20,-2.2135,-19.1938,-10.7037
freire,globular_cluster,Terzan 5,J1748-2446T,7.0849,3.1000e-19,-2.1497,-18.5086,-10.3292
freire,globular_cluster,Terzan 5,J1748-2446U,3.2891,3.0000e-19,-2.4829,-18.5229,-10.5029
freire,globular_cluster,Terzan 5,J1748-2446V,2.0725,-9.5000e-20,-2.6835,-19.0223,-10.8529
freire,globular_cluster,Terzan 5,J1748-2446W,4.2052,1.2000e-19,-2.3762,-18.9208,-10.6485
freire,globular_cluster,Terzan 5,J1748-2446X,2.9993,5.9000e-20,-2.5230,-19.2291,-10.8761
freire,globular_cluster,Terzan 5,J1748-2446Y,2.0482,1.5000e-19,-2.6886,-18.8239,-10.7563
freire,globular_cluster,Terzan 5,J1748-2446Z,2.4626,-8.6000e-20,-2.6086,-19.0655,-10.8371
freire,globular_cluster,Terzan 5,J1748-2446aa,5.7880,-4.4000e-19,-2.2375,-18.3565,-10.2970
freire,globular_cluster,Terzan 5,J1748-2446ab,5.1197,4.2000e-19,-2.2908,-18.3768,-10.3338
freire,globular_cluster,Terzan 5,J1748-2446ac,5.0869,2.3000e-19,-2.2935,-18.6383,-10.4659
freire,globular_cluster,Terzan 5,J1748-2446ad,1.3960,-3.4000e-20,-2.8551,-19.4685,-11.1618
freire,globular_cluster,Terzan 5,J1748-2446ae,3.6586,-5.7000e-19,-2.4367,-18.2441,-10.3404
freire,globular_cluster,Terzan 5,J1748-2446af,3.3043,-2.3000e-19,-2.4809,-18.6383,-10.5596
freire,globular_cluster,Terzan 5,J1748-2446ag,4.4480,1.2000e-20,-2.3518,-19.9208,-11.1363
freire,globular_cluster,Terzan 5,J1748-2446ah,4.9652,5.7000e-19,-2.3041,-18.2441,-10.2741
freire,globular_cluster,Terzan 5,J1748-2446ai,21.2284,1.4000e-18,-1.6731,-17.8539,-9.7635
freire,globular_cluster,Terzan 5,J1748-2446aj,2.9589,1.4123e-19,-2.5289,-18.8501,-10.6895
freire,globular_cluster,Terzan 5,J1748-2446ak,1.8901,8.8495e-20,-2.7235,-19.0531,-10.8883
freire,globular_cluster,Terzan 5,J1748-2446am,2.9338,-1.3680e-19,-2.5326,-18.8639,-10.6982
freire,globular_cluster,Terzan 5,J1748-2446an,4.8020,1.5575e-19,-2.3186,-18.8076,-10.5631
freire,globular_cluster,Terzan 5,J1748-2446ao,2.2744,8.6979e-20,-2.6431,-19.0606,-10.8519
freire,globular_cluster,Terzan 5,J1748-2446ap,3.7447,3.0700e-19,-2.4266,-18.5129,-10.4697
freire,globular_cluster,Terzan 5,J1748-2446aq,12.5219,-7.1620e-19,-1.9023,-18.1450,-10.0236
freire,globular_cluster,Terzan 5,J1748-2446ar,1.9528,-2.6480e-19,-2.7093,-18.5771,-10.6432
freire,globular_cluster,Terzan 5,J1748-2446as,2.3265,2.5598e-19,-2.6333,-18.5918,-10.6125
freire,globular_cluster,Terzan 5,J1748-2446at,2.1882,-5.8997e-20,-2.6599,-19.2292,-10.9445
freire,globular_cluster,Terzan 5,J1748-2446au,4.5482,-1.0680e-19,-2.3422,-18.9714,-10.6568
freire,globular_cluster,Terzan 5,J1748-2446av,1.8495,-4.2505e-20,-2.7330,-19.3716,-11.0523
freire,globular_cluster,Terzan 5,J1748-2446aw,13.0491,1.3065e-18,-1.8844,-17.8839,-9.8842
freire,globular_cluster,Terzan 5,J1748-2446ax,1.9435,-9.5495e-21,-2.7114,-20.0200,-11.3657
freire,globular_cluster,Terzan 5,J1748-2021H,18.9976,2.2258e-18,-1.7213,-17.6525,-9.6869
freire,globular_cluster,Terzan 5,J1750-3703B,6.0745,1.9200e-20,-2.2165,-19.7167,-10.9666
freire,globular_cluster,Terzan 5,J1750-3703C,26.5687,-9.9600e-19,-1.5756,-18.0017,-9.7887
freire,globular_cluster,Terzan 5,J1750-3703D,5.1399,4.9280e-19,-2.2890,-18.3073,-10.2982
freire,globular_cluster,NGC 6517,J1801-0857A,7.1756,-5.0992e-19,-2.1441,-18.2925,-10.2183
freire,globular_cluster,NGC 6517,J1801-0857B,28.9616,2.2034e-18,-1.5382,-17.6569,-9.5975
freire,globular_cluster,NGC 6517,J1801-0857C,3.7387,-6.2980e-20,-2.4273,-19.2008,-10.8140
freire,globular_cluster,NGC 6517,J1801-0857D,4.2265,7.5200e-21,-2.3740,-20.1238,-11.2489
freire,globular_cluster,NGC 6517,J1801-0857E,7.6017,-1.0360e-18,-2.1191,-17.9846,-10.0519
freire,globular_cluster,NGC 6517,J1801-0857F,24.8920,-2.6708e-18,-1.6039,-17.5734,-9.5886
freire,globular_cluster,NGC 6517,J1801-0857H,5.6427,3.4310e-20,-2.2485,-19.4646,-10.8565
freire,globular_cluster,NGC 6517,J1801-0857I,3.2542,-1.6420e-20,-2.4876,-19.7846,-11.1361
freire,globular_cluster,NGC 6517,J1801-0857K,9.5905,8.1800e-19,-2.0182,-18.0872,-10.0527
freire,globular_cluster,NGC 6517,J1801-0857L,6.0573,-3.3800e-20,-2.2177,-19.4711,-10.8444
freire,globular_cluster,NGC 6517,J1801-0857M,5.3568,4.8586e-19,-2.2711,-18.3135,-10.2923
freire,globular_cluster,NGC 6517,J1801-0857N,4.9946,-5.3150e-19,-2.3015,-18.2745,-10.2880
freire,globular_cluster,NGC 6517,J1801-0857O,4.2871,1.2139e-19,-2.3678,-18.9158,-10.6418
freire,globular_cluster,NGC 6522,J1803-3002A,7.1014,4.0000e-20,-2.1487,-19.3979,-10.7733
freire,globular_cluster,NGC 6522,J1803-3002C,5.8404,6.9730e-19,-2.2336,-18.1566,-10.1951
freire,globular_cluster,NGC 6539,B1802-07,23.1009,4.7000e-19,-1.6364,-18.3279,-9.9821
freire,globular_cluster,NGC 6544,J1807-2459A,3.0595,-4.3350e-21,-2.5144,-20.3630,-11.4387
freire,globular_cluster,NGC 6544,J1807-2500B,4.1862,8.2325e-20,-2.3782,-19.0845,-10.7313
freire,globular_cluster,NGC 6624,B1820-30A,5.4400,3.3850e-18,-2.2644,-17.4704,-9.8674
freire,globular_cluster,NGC 6624,J1823-3021G,6.0913,-1.8000e-20,-2.2153,-19.7447,-10.9800
freire,globular_cluster,M28 (NGC 6626),B1821-24A,3.0543,1.5500e-18,-2.5151,-17.8097,-10.1624
freire,globular_cluster,M28 (NGC 6626),J1824-2452B,6.5467,-2.4150e-19,-2.1840,-18.6171,-10.4005
freire,globular_cluster,M28 (NGC 6626),J1824-2452C,4.1583,1.7016e-19,-2.3811,-18.7691,-10.5751
freire,globular_cluster,M28 (NGC 6626),J1824-2452E,5.4191,-1.0880e-19,-2.2661,-18.9634,-10.6147
freire,globular_cluster,M28 (NGC 6626),J1824-2452F,2.4512,9.4940e-21,-2.6106,-20.0226,-11.3166
freire,globular_cluster,M28 (NGC 6626),J1824-2452G,5.9091,1.7890e-19,-2.2285,-18.7474,-10.4879
freire,globular_cluster,M28 (NGC 6626),J1824-2452H,4.6294,8.1900e-20,-2.3345,-19.0867,-10.7106
freire,globular_cluster,M28 (NGC 6626),J1824-2452J,4.0397,-7.5700e-20,-2.3937,-19.1209,-10.7573
freire,globular_cluster,M28 (NGC 6626),J1824-2452M,4.7843,1.2282e-19,-2.3202,-18.9107,-10.6155
freire,globular_cluster,M28 (NGC 6626),J1824-2452N,3.3529,1.5921e-19,-2.4746,-18.7980,-10.6363
freire,globular_cluster,NGC 6652,J1835-3259B,1.8303,6.6500e-20,-2.7375,-19.1772,-10.9573
freire,globular_cluster,M22 (NGC 6656),J1836-2354A,3.3543,2.3180e-21,-2.4744,-20.6349,-11.5546
freire,globular_cluster,M22 (NGC 6656),J1836-2354B,3.2323,-4.8000e-22,-2.4905,-21.3188,-11.9046
freire,globular_cluster,NGC 6712,J1853-0842A,2.1494,-2.4020e-21,-2.6677,-20.6194,-11.6436
freire,globular_cluster,NGC 6752,J1911-5958A,3.2662,2.9679e-21,-2.4860,-20.5276,-11.5068
freire,globular_cluster,NGC 6752,J1910-5959B,8.3578,-7.9900e-19,-2.0779,-18.0975,-10.0877
freire,globular_cluster,NGC 6752,J1911-6000C,5.2773,2.2000e-21,-2.2776,-20.6576,-11.4676
freire,globular_cluster,NGC 6752,J1910-5959D,9.0353,9.6300e-19,-2.0441,-18.0164,-10.0302
freire,globular_cluster,NGC 6752,J1910-5959E,4.5718,-4.3700e-19,-2.3399,-18.3595,-10.3497
freire,globular_cluster,NGC 6752,J1910-5959F,8.4855,7.4122e-19,-2.0713,-18.1301,-10.1007
freire,globular_cluster,NGC 6760,J1911+0102A,3.6185,-6.5800e-21,-2.4415,-20.1818,-11.3116
freire,globular_cluster,NGC 6760,J1911+0101B,5.3843,-2.0000e-21,-2.2689,-20.6990,-11.4839
freire,globular_cluster,M71 (NGC 6838),J1953+1846A,4.8883,4.8502e-20,-2.3108,-19.3142,-10.8125
freire,globular_cluster,M71 (NGC 6838),J1953+1846C,28.9328,4.0400e-20,-1.5386,-19.3936,-10.4661
freire,globular_cluster,M71 (NGC 6838),J1953+1846E,4.4441,2.2170e-20,-2.3522,-19.6542,-11.0032
freire,globular_cluster,M15 (NGC 7078),B2127+11D,4.8028,-1.0701e-18,-2.3185,-17.9706,-10.1445
freire,globular_cluster,M15 (NGC 7078),B2127+11E,4.6514,1.8546e-19,-2.3324,-18.7317,-10.5321
freire,globular_cluster,M15 (NGC 7078),B2127+11F,4.0270,2.7113e-20,-2.3950,-19.5668,-10.9809
freire,globular_cluster,M15 (NGC 7078),B2127+11H,6.7434,2.1380e-20,-2.1711,-19.6700,-10.9206
freire,globular_cluster,M15 (NGC 7078),J2129+1210J,11.8425,2.0407e-19,-1.9266,-18.6902,-10.3084
freire,globular_cluster,M15 (NGC 7078),J2129+1210M,4.8362,-2.3680e-19,-2.3155,-18.6256,-10.4706
freire,globular_cluster,M15 (NGC 7078),J2129+1210O,11.0669,-2.1946e-18,-1.9560,-17.6586,-9.8073
freire,globular_cluster,M2 (NGC 7089),J2133-0049B,6.9745,-5.1120e-20,-2.1565,-19.2914,-10.7239
freire,globular_cluster,M2 (NGC 7089),J2133-0049C,3.0049,-2.2152e-20,-2.5222,-19.6546,-11.0884
freire,globular_cluster,M2 (NGC 7089),J2133-0049D,4.2157,7.6180e-20,-2.3751,-19.1182,-10.7466
freire,globular_cluster,M2 (NGC 7089),J2133-0049E,3.7031,3.9230e-20,-2.4314,-19.4064,-10.9189
freire,globular_cluster,M2 (NGC 7089),J2133-0049F,4.7809,3.0420e-20,-2.3205,-19.5168,-10.9187
freire,globular_cluster,M2 (NGC 7089),J2133-0049G,2.5357,2.6836e-20,-2.5959,-19.5713,-11.0836
atnf_crossmatch,globular_cluster,47 Tuc,J0024-7204P,3.6430,6.6358e-19,-2.4385,-18.1781,-10.3083
atnf,field,,J0125-2327,3.6754,1.8416e-20,-2.4347,-19.7348,-11.0848
atnf,field,,J0154+1833,2.3646,2.9186e-21,-2.6262,-20.5348,-11.5805
atnf,field,,J0203-0150,5.1733,1.4281e-20,-2.2862,-19.8452,-11.0657
atnf,field,,J0214+5222,24.5753,2.9596e-19,-1.6095,-18.5288,-10.0691
atnf,field,,J0307+7443,3.1561,1.7262e-20,-2.5009,-19.7629,-11.1319
atnf,field,,J0406+3039,2.6086,8.3078e-21,-2.5836,-20.0805,-11.3320
atnf,field,,J0407+1607,25.7017,7.9000e-20,-1.5900,-19.1024,-10.3462
atnf,field,,J0447+2447,2.9953,7.9965e-21,-2.5236,-20.0971,-11.3103
atnf,field,,J0509+0856,4.0558,4.4118e-21,-2.3919,-20.3554,-11.3736
atnf,field,,J0557+1550,2.5564,7.3519e-21,-2.5924,-20.1336,-11.3630
atnf,field,,J0621+1002,28.8539,4.7300e-20,-1.5398,-19.3251,-10.4325
atnf,field,,J0622+0339_P,8.7715,3.4700e-20,-2.0569,-19.4597,-10.7583
atnf,field,,J0640-0139,3.4615,4.8981e-20,-2.4607,-19.3100,-10.8854
atnf,field,,J0646-5455,2.5073,1.8124e-21,-2.6008,-20.7417,-11.6713
atnf,field,,J0711-6830,5.4910,1.4907e-20,-2.2604,-19.8266,-11.0435
atnf,field,,J0721-2038,15.5424,4.4000e-20,-1.8085,-19.3565,-10.5825
atnf,field,,J0732+2314,4.0901,6.0225e-21,-2.3883,-20.2202,-11.3042
atnf,field,,J0737-3039A,22.6994,1.7599e-18,-1.6440,-17.7545,-9.6992
atnf,field,,J0742+4110,3.1391,6.6920e-21,-2.5032,-20.1744,-11.3388
atnf,field,,J0824+0028,9.8613,1.4689e-19,-2.0061,-18.8330,-10.4195
atnf,field,,J0838-2827,3.6154,1.0431e-20,-2.4418,-19.9817,-11.2118
atnf,field,,J0900-3144,11.1096,4.8878e-20,-1.9543,-19.3109,-10.6326
atnf,field,,J0921-5202,9.6798,1.8065e-20,-2.0141,-19.7432,-10.8786
atnf,field,,J0925+6103,5.9825,1.6141e-20,-2.2231,-19.7921,-11.0076
atnf,field,,J1012+5307,5.2557,1.7127e-20,-2.2794,-19.7663,-11.0228
atnf,field,,J1017-7156,2.3385,2.2139e-21,-2.6311,-20.6548,-11.6430
atnf,field,,J1022+1001,16.4529,4.3337e-20,-1.7838,-19.3631,-10.5734
atnf,field,,J1036-4353,1.6801,6.3794e-21,-2.7747,-20.1952,-11.4849
atnf,field,,J1038+0032,28.8516,6.7000e-20,-1.5398,-19.1739,-10.3569
atnf,field,,J1045-0436,24.0475,7.8646e-20,-1.6189,-19.1043,-10.3616
atnf,field,,J1045-4509,7.4742,1.7664e-20,-2.1264,-19.7529,-10.9397
atnf,field,,J1056-7117,26.3097,6.2990e-20,-1.5799,-19.2007,-10.3903
atnf,field,,J1101-6424,5.1093,1.8000e-21,-2.2916,-20.7447,-11.5182
atnf,field,,J1103-5403,3.3927,3.6834e-21,-2.4695,-20.4338,-11.4516
atnf,field,,J1120-3618,5.5570,9.3568e-22,-2.2552,-21.0289,-11.6420
atnf,field,,J1122-3546,7.8381,1.5236e-20,-2.1058,-19.8171,-10.9615
atnf,field,,J1125+7819,4.2016,6.9430e-21,-2.3766,-20.1585,-11.2675
atnf,field,,J1146-6610,3.7223,7.9300e-21,-2.4292,-20.1007,-11.2650
atnf,field,,J1208-5936,28.7139,2.9681e-20,-1.5419,-19.5275,-10.5347
atnf,field,,J1216-6410,3.5394,1.5985e-21,-2.4511,-20.7963,-11.6237
atnf,field,,J1242-4712,5.3133,2.1445e-20,-2.2746,-19.6687,-10.9717
atnf,field,,J1300+1240,6.2185,1.1433e-19,-2.2063,-18.9418,-10.5741
atnf,field,,J1317-0157,2.9082,5.4976e-21,-2.5364,-20.2598,-11.3981
atnf,field,,J1325-6253,28.9686,4.8000e-20,-1.5381,-19.3188,-10.4284
atnf,field,,J1327-0755,2.6779,1.8048e-21,-2.5722,-20.7436,-11.6579
atnf,field,,J1337-6423,9.4234,2.4687e-20,-2.0258,-19.6075,-10.8167
atnf,field,,J1405-4656,7.6022,2.7900e-20,-2.1191,-19.5544,-10.8367
atnf,field,,J1421-4409,6.3857,1.2366e-20,-2.1948,-19.9078,-11.0513
atnf,field,,J1431-5740,4.1105,6.4200e-21,-2.3861,-20.1925,-11.2893
atnf,field,,J1435-6100,9.3480,2.4468e-20,-2.0293,-19.6114,-10.8203
atnf,field,,J1453+1902,5.7923,1.1656e-20,-2.2371,-19.9335,-11.0853
atnf,field,,J1502-6752,26.7444,3.1450e-19,-1.5728,-18.5024,-10.0376
atnf,field,,J1525-5545,11.3599,1.3137e-19,-1.9446,-18.8815,-10.4131
atnf,field,,J1526-2744,2.4891,3.5465e-21,-2.6040,-20.4502,-11.5271
atnf,field,,J1529-3828,8.4863,2.7006e-20,-2.0713,-19.5685,-10.8199
atnf,field,,J1537-5312,6.9271,1.5860e-20,-2.1594,-19.7997,-10.9796
atnf,field,,J1545-4550,3.5753,5.2454e-20,-2.4467,-19.2802,-10.8635
atnf,field,,J1546-5925,7.7967,1.6100e-20,-2.1081,-19.7932,-10.9506
atnf,field,,J1547-5709,4.2912,7.4500e-21,-2.3674,-20.1278,-11.2476
atnf,field,,J1552-4937,6.2843,1.9000e-20,-2.2017,-19.7212,-10.9615
atnf,field,,J1602-1009,3.1158,4.7744e-21,-2.5064,-20.3211,-11.4138
atnf,field,,J1603-7202,14.8420,1.5629e-20,-1.8285,-19.8061,-10.8173
atnf,field,,J1618-3921,11.9873,5.3795e-20,-1.9213,-19.2693,-10.5953
atnf,field,,J1622-6617,23.6234,5.8820e-20,-1.6267,-19.2305,-10.4286
atnf,field,,J1629-6902,6.0006,1.0000e-20,-2.2218,-20.0000,-11.1109
atnf,field,,J1630+3550,3.2292,2.2555e-20,-2.4909,-19.6468,-11.0688
atnf,field,,J1643-1224,4.6216,1.8463e-20,-2.3352,-19.7337,-11.0344
atnf,field,,J1646-2142,5.8531,8.3071e-21,-2.2326,-20.0806,-11.1566
atnf,field,,J1653-2054,4.1292,1.1170e-20,-2.3841,-19.9519,-11.1680
atnf,field,,J1708-3506,4.5052,1.1421e-20,-2.3463,-19.9423,-11.1443
atnf,field,,J1709+2313,4.6312,3.6300e-21,-2.3343,-20.4401,-11.3872
atnf,field,,J1709-0333,3.5240,1.8752e-21,-2.4530,-20.7269,-11.5900
atnf,field,,J1710+4923,3.2202,1.8211e-20,-2.4921,-19.7397,-11.1159
atnf,field,,J1719-1438,5.7901,8.0429e-21,-2.2373,-20.0946,-11.1660
atnf,field,,J1720-0533,3.2677,8.1725e-21,-2.4858,-20.0876,-11.2867
atnf,field,,J1721-2457,3.4966,5.5422e-21,-2.4563,-20.2563,-11.3563
atnf,field,,J1725-3853,4.7918,5.0000e-20,-2.3195,-19.3010,-10.8103
atnf,field,,J1727-2946,27.0832,2.4632e-19,-1.5673,-18.6085,-10.0879
atnf,field,,J1727-2951,28.4050,3.1000e-19,-1.5466,-18.5086,-10.0276
atnf,field,,J1737-0811,4.1750,7.9300e-21,-2.3793,-20.1007,-11.2400
atnf,field,,J1745-0952,19.3763,9.2460e-20,-1.7127,-19.0340,-10.3734
atnf,field,,J1748-3009,9.6840,-3.5795e-20,-2.0139,-19.4462,-10.7301
atnf,field,,J1751-2857,3.9149,1.1225e-20,-2.4073,-19.9498,-11.1786
atnf,field,,J1753-2819,18.6236,-4.9355e-20,-1.7299,-19.3067,-10.5183
atnf,field,,J1755-3716,12.7861,3.1062e-20,-1.8933,-19.5078,-10.7005
atnf,field,,J1756-2251,28.4616,1.0175e-18,-1.5457,-17.9925,-9.7691
atnf,field,,J1757-1854,21.4972,2.6273e-18,-1.6676,-17.5805,-9.6241
atnf,field,,J1757-2745,17.6872,-1.3045e-20,-1.7523,-19.8845,-10.8184
atnf,field,,J1757-5322,8.8700,2.6300e-20,-2.0521,-19.5800,-10.8161
atnf,field,,J1801-3210,7.4536,7.2223e-23,-2.1276,-22.1413,-12.1345
atnf,field,,J1802-2124,12.6476,7.2559e-20,-1.8980,-19.1393,-10.5187
atnf,field,,J1803-4719,3.6694,3.4374e-20,-2.4354,-19.4638,-10.9496
atnf,field,,J1804-2717,9.3430,4.0863e-20,-2.0295,-19.3887,-10.7091
atnf,field,,J1804-2858,1.4927,-7.5733e-22,-2.8260,-21.1207,-11.9734
atnf,field,,J1811-0624,4.1457,4.8123e-21,-2.3824,-20.3177,-11.3500
atnf,field,,J1813-0402,4.1066,6.9428e-21,-2.3865,-20.1585,-11.2725
atnf,field,,J1813-2621,4.4300,1.2466e-20,-2.3536,-19.9043,-11.1289
atnf,field,,J1824-0621,3.2330,9.1448e-21,-2.4904,-20.0388,-11.2646
atnf,field,,J1825-0319,4.5535,6.8000e-21,-2.3417,-20.1675,-11.2546
atnf,field,,J1826-2415,4.6958,1.7360e-20,-2.3283,-19.7604,-11.0444
atnf,field,,J1828+0625,3.6276,4.6882e-21,-2.4404,-20.3290,-11.3847
atnf,field,,J1835-0114,5.1164,7.0000e-21,-2.2910,-20.1549,-11.2230
atnf,field,,J1838+0024,5.0871,2.6645e-20,-2.2935,-19.5744,-10.9340
atnf,field,,J1840+0012_P,5.3390,1.2884e-20,-2.2725,-19.8899,-11.0812
atnf,field,,J1841+0130,29.7728,8.1728e-18,-1.5262,-17.0876,-9.3069
atnf,field,,J1843-1448,5.4713,6.2090e-21,-2.2619,-20.2070,-11.2344
atnf,field,,J1844+0028,3.5707,1.8066e-20,-2.4473,-19.7431,-11.0952
atnf,field,,J1844+0115,4.1855,1.0721e-20,-2.3782,-19.9697,-11.1740
atnf,field,,J1844-0128,29.1444,3.0578e-20,-1.5354,-19.5146,-10.5250
atnf,field,,J1845+0201_P,4.3092,2.8170e-20,-2.3656,-19.5502,-10.9579
atnf,field,,J1845+0317_P,1.8507,2.8189e-20,-2.7327,-19.5499,-11.1413
atnf,field,,J1846-0513,23.3695,1.0106e-18,-1.6313,-17.9954,-9.8134
atnf,field,,J1850+0124,3.5598,1.0898e-20,-2.4486,-19.9627,-11.2056
atnf,field,,J1850+0242,4.4799,1.6256e-19,-2.3487,-18.7890,-10.5689
atnf,field,,J1853+1303,4.0918,8.7171e-21,-2.3881,-20.0596,-11.2239
atnf,field,,J1857+0642_P,3.5310,4.6917e-21,-2.4521,-20.3287,-11.3904
atnf,field,,J1857+0943,5.3621,1.7841e-20,-2.2707,-19.7486,-11.0096
atnf,field,,J1900+0308,4.9092,5.9047e-21,-2.3090,-20.2288,-11.2689
atnf,field,,J1901+0300,7.7968,4.5714e-20,-2.1081,-19.3400,-10.7240
atnf,field,,J1903+0839_P,4.6212,4.6768e-21,-2.3352,-20.3301,-11.3326
atnf,field,,J1904+0451,6.0924,5.7160e-21,-2.2152,-20.2429,-11.2291
atnf,field,,J1904+0553_P,4.9073,1.2754e-20,-2.3092,-19.8944,-11.1018
atnf,field,,J1904+0852,6.1974,1.0090e-20,-2.2078,-19.9961,-11.1019
atnf,field,,J1905+0400,3.7844,4.9052e-21,-2.4220,-20.3093,-11.3657
atnf,field,,J1905+0649_P,27.4644,3.3415e-19,-1.5612,-18.4761,-10.0186
atnf,field,,J1906+0055,2.7896,3.3200e-21,-2.5545,-20.4789,-11.5167
atnf,field,,J1906+0454,2.0833,2.9816e-21,-2.6813,-20.5255,-11.6034
atnf,field,,J1906-1754,2.8763,3.9133e-21,-2.5412,-20.4075,-11.4743
atnf,field,,J1908+0128,4.7023,5.2693e-20,-2.3277,-19.2783,-10.8030
atnf,field,,J1908+1036,10.6902,1.5725e-20,-1.9710,-19.8034,-10.8872
atnf,field,,J1909-3744,2.9471,1.4025e-20,-2.5306,-19.8531,-11.1918
atnf,field,,J1910+1256,4.9836,9.6798e-21,-2.3025,-20.0141,-11.1583
atnf,field,,J1910-5320,2.3324,3.6992e-20,-2.6322,-19.4319,-11.0320
atnf,field,,J1911+1253,27.2387,4.3256e-20,-1.5648,-19.3640,-10.4644
atnf,field,,J1911+1347,4.6260,1.6924e-20,-2.3348,-19.7715,-11.0531
atnf,field,,J1912+1416,3.1662,8.0592e-21,-2.4995,-20.0937,-11.2966
atnf,field,,J1912-0952,25.0680,2.8593e-20,-1.6009,-19.5437,-10.5723
atnf,field,,J1913+0618,5.0269,9.6125e-21,-2.2987,-20.0172,-11.1579
atnf,field,,J1913+1102,27.2850,1.6081e-19,-1.5641,-18.7937,-10.1789
atnf,field,,J1914+0659,18.5118,3.1000e-20,-1.7326,-19.5086,-10.6206
atnf,field,,J1916+0740,11.2197,2.0015e-20,-1.9500,-19.6986,-10.8243
atnf,field,,J1917+0615_P,3.9677,2.1127e-20,-2.4015,-19.6752,-11.0383
atnf,field,,J1917+1259_P,5.6375,6.5469e-21,-2.2489,-20.1840,-11.2164
atnf,field,,J1918+0621_P,2.1037,5.5761e-22,-2.6770,-21.2537,-11.9653
atnf,field,,J1918-0642,7.6459,2.5691e-20,-2.1166,-19.5902,-10.8534
atnf,field,,J1923+2515,3.7882,9.5550e-21,-2.4216,-20.0198,-11.2207
atnf,field,,J1924+1342,5.7211,8.9813e-20,-2.2425,-19.0467,-10.6446
atnf,field,,J1928+1245,3.0216,1.6799e-20,-2.5198,-19.7747,-11.1472
atnf,field,,J1928-0548,28.0409,1.0552e-19,-1.5522,-18.9767,-10.2644
atnf,field,,J1929+0132,6.4182,8.5600e-21,-2.1926,-20.0675,-11.1301
atnf,field,,J1930+1403_P,3.2094,8.1580e-22,-2.4936,-21.0884,-11.7910
atnf,field,,J1930+2441,5.7674,8.6484e-21,-2.2390,-20.0631,-11.1510
atnf,field,,J1932+2121_P,14.2447,3.5246e-19,-1.8463,-18.4529,-10.1496
atnf,field,,J1933+1726,21.5072,4.9000e-20,-1.6674,-19.3098,-10.4886
atnf,field,,J1933-6211,3.5434,3.8710e-21,-2.4506,-20.4122,-11.4314
atnf,field,,J1937+1658,3.9577,1.3202e-20,-2.4026,-19.8793,-11.1410
atnf,field,,J1938+2012,2.6341,7.5000e-22,-2.5794,-21.1249,-11.8521
atnf,field,,J1938+6604,22.2588,1.9471e-20,-1.6525,-19.7106,-10.6816
atnf,field,,J1939+2134,1.5578,1.0510e-19,-2.8075,-18.9784,-10.8929
atnf,field,,J1943+2206,4.6817,1.7534e-22,-2.3296,-21.7561,-12.0429
atnf,field,,J1943+2210,5.0842,8.7886e-21,-2.2938,-20.0561,-11.1749
atnf,field,,J1944+0907,5.1852,1.7337e-20,-2.2852,-19.7610,-11.0231
atnf,field,,J1944+2236,3.6180,7.4612e-21,-2.4415,-20.1272,-11.2844
atnf,field,,J1946+0904_P,25.7723,2.3912e-21,-1.5888,-20.6214,-11.1051
atnf,field,,J1946+2052,16.9602,9.2047e-19,-1.7706,-18.0360,-9.9033
atnf,field,,J1947+2011_P,8.1776,2.3165e-20,-2.0874,-19.6352,-10.8613
atnf,field,,J1949+3106,13.1382,9.3923e-20,-1.8815,-19.0272,-10.4543
atnf,field,,J1952+2630,20.7324,4.2716e-18,-1.6834,-17.3694,-9.5264
atnf,field,,J1952+2837,18.0209,2.1133e-19,-1.7442,-18.6750,-10.2096
atnf,field,,J1953+1844,4.4441,2.1922e-20,-2.3522,-19.6591,-11.0057
atnf,field,,J1955+2527,4.8728,9.1176e-21,-2.3122,-20.0401,-11.1762
atnf,field,,J1955+2908,6.1332,2.9740e-20,-2.2123,-19.5267,-10.8695
atnf,field,,J1955+6708,8.5654,1.2597e-20,-2.0673,-19.8997,-10.9835
atnf,field,,J2001+0701,6.8200,1.4381e-20,-2.1662,-19.8422,-11.0042
atnf,field,,J2007+2722,24.4974,9.6110e-19,-1.6109,-18.0172,-9.8141
atnf,field,,J2010+3051,4.8163,4.8666e-21,-2.3173,-20.3128,-11.3150
atnf,field,,J2010-1323,5.2233,4.8250e-21,-2.2821,-20.3165,-11.2993
atnf,field,,J2015+0756,4.3280,6.6684e-21,-2.3637,-20.1760,-11.2698
atnf,field,,J2019+2425,3.9345,7.0237e-21,-2.4051,-20.1534,-11.2793
atnf,field,,J2022+2534,2.6459,6.1609e-21,-2.5774,-20.2104,-11.3939
atnf,field,,J2027+0255,10.5955,5.2697e-20,-1.9749,-19.2782,-10.6265
atnf,field,,J2031-1254,5.7884,6.0175e-21,-2.2374,-20.2206,-11.2290
atnf,field,,J2033+1734,5.9490,1.1146e-20,-2.2256,-19.9529,-11.0892
atnf,field,,J2035+3655,24.5650,1.2405e-18,-1.6097,-17.9064,-9.7580
atnf,field,,J2045-6837,2.9623,1.2803e-20,-2.5284,-19.8927,-11.2105
atnf,field,,J2053+4650,12.5863,1.7228e-19,-1.9001,-18.7638,-10.3319
atnf,field,,J2055+3829,2.0893,9.9962e-22,-2.6800,-21.0002,-11.8401
atnf,field,,J2129-5721,3.7264,2.0854e-20,-2.4287,-19.6808,-11.0548
atnf,field,,J2144-5237,5.0415,9.0558e-21,-2.2974,-20.0431,-11.1703
atnf,field,,J2145-0750,16.0524,2.9793e-20,-1.7945,-19.5259,-10.6602
atnf,field,,J2150-0326,3.5107,8.1616e-21,-2.4546,-20.0882,-11.2714
atnf,field,,J2212+2450,3.9075,1.9849e-21,-2.4081,-20.7023,-11.5552
atnf,field,,J2229+2643,2.9778,1.5237e-21,-2.5261,-20.8171,-11.6716
atnf,field,,J2234+0611,3.5766,1.2014e-20,-2.4465,-19.9203,-11.1834
atnf,field,,J2234+0944,3.6270,2.0100e-20,-2.4404,-19.6968,-11.0686
atnf,field,,J2236-5527,6.9075,9.6000e-21,-2.1607,-20.0177,-11.0892
atnf,field,,J2322+2057,4.8084,9.6574e-21,-2.3180,-20.0151,-11.1666
atnf,field,,J2355+0051,3.7190,3.2226e-21,-2.4296,-20.4918,-11.4607
atnf_additional,field,,J0023+0923,3.0502,1.1423e-20,-2.5157,-19.9422,-11.2289
atnf_additional,field,,J0030+0451,4.8655,1.0174e-20,-2.3129,-19.9925,-11.1527
atnf_additional,field,,J0034-0534,1.8772,4.9660e-21,-2.7265,-20.3040,-11.5152
atnf_additional,field,,J0058-7218,21.7661,2.8900e-14,-1.6622,-13.5391,-7.6007
atnf_additional,field,,J0101-6422,2.5732,5.1600e-21,-2.5895,-20.2874,-11.4384
atnf_additional,field,,J0102+4839,2.9641,1.1413e-20,-2.5281,-19.9426,-11.2354
atnf_additional,field,,J0218+4232,2.3231,7.7395e-20,-2.6339,-19.1113,-10.8726
atnf_additional,field,,J0248+4230,2.6008,1.6873e-20,-2.5849,-19.7728,-11.1788
atnf_additional,field,,J0251+2606,2.5416,7.5718e-21,-2.5949,-20.1208,-11.3579
atnf_additional,field,,J0312-0921,3.7043,1.9723e-20,-2.4313,-19.7050,-11.0682
atnf_additional,field,,J0318+0253,5.1899,1.7615e-20,-2.2848,-19.7541,-11.0195
atnf_additional,field,,J0337+1715,2.7326,1.7666e-20,-2.5634,-19.7529,-11.1581
atnf_additional,field,,J0340+4130,3.2993,7.0470e-21,-2.4816,-20.1520,-11.3168
atnf_additional,field,,J0418+6635,2.9102,1.3662e-20,-2.5361,-19.8645,-11.2003
atnf_additional,field,,J0437-4715,5.7575,5.7292e-20,-2.2398,-19.2419,-10.7408
atnf_additional,field,,J0533+6759,4.3882,1.2618e-20,-2.3577,-19.8990,-11.1284
atnf_additional,field,,J0537-6910,16.1222,5.1784e-14,-1.7926,-13.2858,-7.5392
atnf_additional,field,,J0605+3757,2.7280,4.7173e-21,-2.5642,-20.3263,-11.4452
atnf_additional,field,,J0610-2100,3.8613,1.2327e-20,-2.4133,-19.9092,-11.1612
atnf_additional,field,,J0613-0200,3.0618,9.5907e-21,-2.5140,-20.0182,-11.2661
atnf_additional,field,,J0614-3329,3.1487,1.7419e-20,-2.5019,-19.7590,-11.1304
atnf_additional,field,,J0621+2514,2.7218,2.4830e-20,-2.5651,-19.6050,-11.0851
atnf_additional,field,,J0636+5128,2.8690,3.4490e-21,-2.5423,-20.4623,-11.5023
atnf_additional,field,,J0645+5158,8.8535,4.9211e-21,-2.0529,-20.3079,-11.1804
atnf_additional,field,,J0653+4706,4.7581,2.0761e-20,-2.3226,-19.6828,-11.0027
atnf_additional,field,,J0740+6620,2.8857,1.2191e-20,-2.5397,-19.9140,-11.2269
atnf_additional,field,,J0751+1807,3.4788,7.7870e-21,-2.4586,-20.1086,-11.2836
atnf_additional,field,,J0931-1902,4.6380,3.6285e-21,-2.3337,-20.4403,-11.3870
atnf_additional,field,,J0952-0607,1.4138,4.7732e-21,-2.8496,-20.3212,-11.5854
atnf_additional,field,,J0955-3947,2.0227,3.8133e-20,-2.6941,-19.4187,-11.0564
atnf_additional,field,,J0955-6150,1.9994,1.4260e-20,-2.6991,-19.8459,-11.2725
atnf_additional,field,,J1012-4235,3.1011,6.5456e-21,-2.5085,-20.1841,-11.3463
atnf_additional,field,,J1023+0038,1.6880,6.9295e-21,-2.7726,-20.1593,-11.4660
atnf_additional,field,,J1024-0719,5.1622,1.8551e-20,-2.2872,-19.7316,-11.0094
atnf_additional,field,,J1035-6720,2.8720,4.6463e-20,-2.5418,-19.3329,-10.9374
atnf_additional,field,,J1048+2339,4.6652,3.0077e-20,-2.3311,-19.5218,-10.9264
atnf_additional,field,,J1124-3653,2.4096,6.0116e-21,-2.6181,-20.2210,-11.4195
atnf_additional,field,,J1125-5825,3.1022,6.0899e-20,-2.5083,-19.2154,-10.8619
atnf_additional,field,,J1125-6014,2.6304,3.7313e-21,-2.5800,-20.4281,-11.5041
atnf_additional,field,,J1137+7528,2.5126,3.2400e-21,-2.5999,-20.4895,-11.5447
atnf_additional,field,,J1142+0119,5.0753,1.4990e-20,-2.2945,-19.8242,-11.0594
atnf_additional,field,,J1207-5050,4.8428,6.0648e-21,-2.3149,-20.2172,-11.2660
atnf_additional,field,,J1221-0633,1.9345,5.2679e-21,-2.7134,-20.2784,-11.4959
atnf_additional,field,,J1227-4853,1.6864,1.1091e-20,-2.7730,-19.9550,-11.3640
atnf_additional,field,,J1231-1411,3.6839,2.2624e-20,-2.4337,-19.6454,-11.0396
atnf_additional,field,,J1301+0833,1.8437,1.0555e-20,-2.7343,-19.9765,-11.3554
atnf_additional,field,,J1302-3258,3.7709,6.5409e-21,-2.4236,-20.1844,-11.3040
atnf_additional,field,,J1311-3430,2.5604,2.0964e-20,-2.5917,-19.6785,-11.1351
atnf_additional,field,,J1312+0051,4.2280,1.7527e-20,-2.3739,-19.7563,-11.0651
atnf_additional,field,,J1335-5656,3.2377,1.2055e-20,-2.4898,-19.9188,-11.2043
atnf_additional,field,,J1400-1431,3.0842,7.2333e-21,-2.5109,-20.1407,-11.3258
atnf_additional,field,,J1402+1306,5.8924,1.3458e-20,-2.2297,-19.8710,-11.0504
atnf_additional,field,,J1431-4715,2.0120,1.4110e-20,-2.6964,-19.8505,-11.2734
atnf_additional,field,,J1439-5501,28.6349,1.4177e-19,-1.5431,-18.8484,-10.1958
atnf_additional,field,,J1446-4701,2.1947,9.8075e-21,-2.6586,-20.0084,-11.3335
atnf_additional,field,,J1455-3330,7.9872,2.4304e-20,-2.0976,-19.6143,-10.8560
atnf_additional,field,,J1513-2550,2.1191,2.1610e-20,-2.6739,-19.6653,-11.1696
atnf_additional,field,,J1514-4946,3.5893,1.8646e-20,-2.4450,-19.7294,-11.0872
atnf_additional,field,,J1536-4948,3.0799,2.1190e-20,-2.5115,-19.6739,-11.0927
atnf_additional,field,,J1543-5149,2.0570,1.6165e-21,-2.6868,-20.7914,-11.7391
atnf_additional,field,,J1544+4937,2.1593,2.7966e-21,-2.6657,-20.5534,-11.6095
atnf_additional,field,,J1551-0658,7.0938,2.0500e-20,-2.1491,-19.6882,-10.9187
atnf_additional,field,,J1552+5437,2.4279,2.7976e-21,-2.6148,-20.5532,-11.5840
atnf_additional,field,,J1555-2908,1.7875,4.4531e-20,-2.7478,-19.3513,-11.0495
atnf_additional,field,,J1600-3053,3.5979,9.5001e-21,-2.4439,-20.0223,-11.2331
atnf_additional,field,,J1614-2230,3.1508,9.6242e-21,-2.5016,-20.0166,-11.2591
atnf_additional,field,,J1618-4624,5.9314,3.1000e-21,-2.2268,-20.5086,-11.3677
atnf_additional,field,,J1622-0315,3.8454,1.1431e-20,-2.4151,-19.9419,-11.1785
atnf_additional,field,,J1623-2631,11.0758,6.7093e-19,-1.9556,-18.1733,-10.0645
atnf_additional,field,,J1623-6936,2.4099,9.0585e-21,-2.6180,-20.0429,-11.3305
atnf_additional,field,,J1625-0021,2.8336,2.1325e-20,-2.5477,-19.6711,-11.1094
atnf_additional,field,,J1627+3219,2.1828,5.4776e-21,-2.6610,-20.2614,-11.4612
atnf_additional,field,,J1628-3205,3.2116,1.1954e-20,-2.4933,-19.9225,-11.2079
atnf_additional,field,,J1630+3734,3.3181,1.0690e-20,-2.4791,-19.9710,-11.2251
atnf_additional,field,,J1640+2224,3.1633,2.8173e-21,-2.4999,-20.5502,-11.5250
atnf_additional,field,,J1641+8049,2.0212,9.7881e-21,-2.6944,-20.0093,-11.3518
atnf_additional,field,,J1649-3012,3.4244,1.3251e-20,-2.4654,-19.8777,-11.1716
atnf_additional,field,,J1653-0158,1.9677,2.4020e-21,-2.7060,-20.6194,-11.6627
atnf_additional,field,,J1658-5324,2.4393,1.1154e-20,-2.6127,-19.9526,-11.2826
atnf_additional,field,,J1713+0747,4.5701,8.5296e-21,-2.3401,-20.0691,-11.2046
atnf_additional,field,,J1723-2837,1.8557,7.5418e-21,-2.7315,-20.1225,-11.4270
atnf_additional,field,,J1730-2304,8.1228,2.0184e-20,-2.0903,-19.6950,-10.8926
atnf_additional,field,,J1731-1847,2.3446,2.5407e-20,-2.6299,-19.5950,-11.1125
atnf_additional,field,,J1732-5049,5.3126,1.4191e-20,-2.2747,-19.8480,-11.0613
atnf_additional,field,,J1738+0333,5.8501,2.4120e-20,-2.2328,-19.6176,-10.9252
atnf_additional,field,,J1741+1351,3.7472,3.0216e-20,-2.4263,-19.5198,-10.9730
atnf_additional,field,,J1744-1134,4.0745,8.9344e-21,-2.3899,-20.0489,-11.2194
atnf_additional,field,,J1744-7619,4.6875,9.6791e-21,-2.3291,-20.0142,-11.1716
atnf_additional,field,,J1745+1017,2.6521,2.7291e-21,-2.5764,-20.5640,-11.5702
atnf_additional,field,,J1747-4036,1.6456,1.3142e-20,-2.7837,-19.8813,-11.3325
atnf_additional,field,,J1757-6032,2.9125,2.9935e-21,-2.5357,-20.5238,-11.5298
atnf_additional,field,,J1801-1417,3.6251,5.3040e-21,-2.4407,-20.2754,-11.3580
atnf_additional,field,,J1803-6707,2.1346,1.8424e-20,-2.6707,-19.7346,-11.2026
atnf_additional,field,,J1804-0735,23.1009,4.6710e-19,-1.6364,-18.3306,-9.9835
atnf_additional,field,,J1805+0615,2.1289,2.2758e-20,-2.6718,-19.6429,-11.1574
atnf_additional,field,,J1806+2819,15.0837,3.7500e-20,-1.8215,-19.4260,-10.6237
atnf_additional,field,,J1810+1744,1.6628,4.4760e-21,-2.7792,-20.3491,-11.5641
atnf_additional,field,,J1811-2405,2.6606,1.3776e-20,-2.5750,-19.8609,-11.2180
atnf_additional,field,,J1816+4510,3.1931,4.3074e-20,-2.4958,-19.3658,-10.9308
atnf_additional,field,,J1823-3543,2.3733,2.1179e-20,-2.6246,-19.6741,-11.1494
atnf_additional,field,,J1824+1014,4.0659,5.3728e-21,-2.3908,-20.2698,-11.3303
atnf_additional,field,,J1827-0849,2.2425,1.0957e-20,-2.6493,-19.9603,-11.3048
atnf_additional,field,,J1832-0836,2.7191,8.2739e-21,-2.5656,-20.0823,-11.3239
atnf_additional,field,,J1833-3840,1.8661,1.7770e-20,-2.7291,-19.7503,-11.2397
atnf_additional,field,,J1843-1113,1.8457,9.5572e-21,-2.7338,-20.0197,-11.3768
atnf_additional,field,,J1852-1310,4.3147,1.0193e-20,-2.3651,-19.9917,-11.1784
atnf_additional,field,,J1855-1436,3.5941,1.0900e-20,-2.4444,-19.9626,-11.2035
atnf_additional,field,,J1858-2216,2.3840,3.8000e-21,-2.6227,-20.4202,-11.5215
atnf_additional,field,,J1858-5422,2.3555,4.1169e-21,-2.6279,-20.3854,-11.5067
atnf_additional,field,,J1901-0125,2.7934,3.5761e-20,-2.5539,-19.4466,-11.0002
atnf_additional,field,,J1902-5105,1.7424,9.1993e-21,-2.7589,-20.0362,-11.3975
atnf_additional,field,,J1903+0327,2.1499,1.8821e-20,-2.6676,-19.7254,-11.1965
atnf_additional,field,,J1903-7051,3.5979,1.0434e-20,-2.4440,-19.9816,-11.2128
atnf_additional,field,,J1908+2105,2.5644,1.3835e-20,-2.5910,-19.8590,-11.2250
atnf_additional,field,,J1911-1114,3.6257,1.3950e-20,-2.4406,-19.8554,-11.1480
atnf_additional,field,,J1921+0137,2.4964,1.9350e-20,-2.6027,-19.7133,-11.1580
atnf_additional,field,,J1921+1929,2.6463,3.8196e-20,-2.5774,-19.4180,-10.9977
atnf_additional,field,,J1946+3417,3.1701,3.1637e-21,-2.4989,-20.4998,-11.4994
atnf_additional,field,,J1950+2414,4.3048,1.8805e-20,-2.3660,-19.7257,-11.0459
atnf_additional,field,,J1957+2516,3.9617,2.7440e-20,-2.4021,-19.5616,-10.9819
atnf_additional,field,,J1959+2048,1.6074,1.6851e-20,-2.7939,-19.7734,-11.2836
atnf_additional,field,,J2006+0148,2.1636,3.3048e-21,-2.6648,-20.4809,-11.5728
atnf_additional,field,,J2017+0603,2.8962,7.9931e-21,-2.5382,-20.0973,-11.3177
atnf_additional,field,,J2017-1614,2.3143,2.4500e-21,-2.6356,-20.6108,-11.6232
atnf_additional,field,,J2034+3632,3.6503,1.7189e-21,-2.4377,-20.7648,-11.6012
atnf_additional,field,,J2039-3616,3.2750,8.4145e-21,-2.4848,-20.0750,-11.2799
atnf_additional,field,,J2039-5617,2.6509,1.4164e-20,-2.5766,-19.8488,-11.2127
atnf_additional,field,,J2042+0246,4.5337,1.4030e-20,-2.3435,-19.8529,-11.0982
atnf_additional,field,,J2043+1711,2.3799,5.2443e-21,-2.6234,-20.2803,-11.4519
atnf_additional,field,,J2047+1053,4.2859,2.0801e-20,-2.3680,-19.6819,-11.0249
atnf_additional,field,,J2051-0827,4.5086,1.2733e-20,-2.3460,-19.8951,-11.1205
atnf_additional,field,,J2052+1219,1.9853,6.7037e-21,-2.7022,-20.1737,-11.4379
atnf_additional,field,,J2055+1545,2.1600,2.0190e-20,-2.6655,-19.6949,-11.1802
atnf_additional,field,,J2115+5448,2.6029,7.4900e-20,-2.5845,-19.1255,-10.8550
atnf_additional,field,,J2116+1345,2.2185,2.6425e-21,-2.6539,-20.5780,-11.6160
atnf_additional,field,,J2124-3358,4.9311,2.0570e-20,-2.3071,-19.6868,-10.9969
atnf_additional,field,,J2129-0429,7.6139,3.2775e-19,-2.1184,-18.4845,-10.3014
atnf_additional,field,,J2205+6012,2.4155,1.9794e-20,-2.6170,-19.7035,-11.1602
atnf_additional,field,,J2214+3000,3.1192,1.4729e-20,-2.5060,-19.8318,-11.1689
atnf_additional,field,,J2215+5135,2.6096,3.3370e-20,-2.5834,-19.4766,-11.0300
atnf_additional,field,,J2241-5236,2.1867,6.8966e-21,-2.6602,-20.1614,-11.4108
atnf_additional,field,,J2256-1024,2.2945,1.1353e-20,-2.6393,-19.9449,-11.2921
atnf_additional,field,,J2302+4442,5.1923,1.3868e-20,-2.2846,-19.8580,-11.0713
atnf_additional,field,,J2310-0555,2.6126,4.9600e-21,-2.5829,-20.3045,-11.4437
atnf_additional,field,,J2317+1439,3.4453,2.4306e-21,-2.4628,-20.6143,-11.5385
atnf_additional,field,,J2322-2650,3.4631,5.8340e-22,-2.4605,-21.2340,-11.8473
atnf_additional,field,,J2333-5526,2.1025,7.8006e-21,-2.6773,-20.1079,-11.3926
atnf_additional,field,,J2339-0533,2.8842,1.4102e-20,-2.5400,-19.8507,-11.1953
