source,environment,cluster,name,P0_s,P_ms,P1_sps,assoc,logP,logPdot_abs,log_b_proxy,log_tau_c
freire,globular_cluster,47 Tuc (NGC 104),J0023-7204C,0.00575678,5.75678,-4.985e-20,47 Tuc (NGC 104),-2.2398204,-19.302335,-10.771078,16.761484
freire,globular_cluster,47 Tuc (NGC 104),J0024-7204D,0.00535757,5.35757,-3.429e-21,47 Tuc (NGC 104),-2.2710321,-20.464833,-11.367932,17.89277
freire,globular_cluster,47 Tuc (NGC 104),J0024-7205E,0.00353633,3.53633,9.851e-20,47 Tuc (NGC 104),-2.4514472,-19.00652,-10.728983,16.254042
freire,globular_cluster,47 Tuc (NGC 104),J0024-7204F,0.00262358,2.62358,6.45e-20,47 Tuc (NGC 104),-2.5811057,-19.19044,-10.885773,16.308305
freire,globular_cluster,47 Tuc (NGC 104),J0024-7204G,0.00404038,4.04038,-4.215e-20,47 Tuc (NGC 104),-2.3935778,-19.375202,-10.88439,16.680595
freire,globular_cluster,47 Tuc (NGC 104),J0024-7204H,0.00321034,3.21034,-1.83e-21,47 Tuc (NGC 104),-2.493449,-20.737549,-11.615499,17.94307
freire,globular_cluster,47 Tuc (NGC 104),J0024-7204I,0.00348499,3.48499,-4.587e-20,47 Tuc (NGC 104),-2.4577985,-19.338471,-10.898135,16.579643
freire,globular_cluster,47 Tuc (NGC 104),J0023-7203J,0.00210063,2.10063,-9.7922e-21,47 Tuc (NGC 104),-2.6776504,-20.00912,-11.343385,17.030439
freire,globular_cluster,47 Tuc (NGC 104),J0024-7204L,0.00434617,4.34617,-1.2206e-19,47 Tuc (NGC 104),-2.3618933,-18.913427,-10.63766,16.250503
freire,globular_cluster,47 Tuc (NGC 104),J0023-7205M,0.00367664,3.67664,-3.844e-20,47 Tuc (NGC 104),-2.4345489,-19.415217,-10.924883,16.679638
freire,globular_cluster,47 Tuc (NGC 104),J0024-7204N,0.00305395,3.05395,-2.187e-20,47 Tuc (NGC 104),-2.5151381,-19.660151,-11.087645,16.843983
freire,globular_cluster,47 Tuc (NGC 104),J0024-7204O,0.00264334,2.64334,3.0354e-20,47 Tuc (NGC 104),-2.577847,-19.517784,-11.047816,16.638907
freire,globular_cluster,47 Tuc (NGC 104),J0024-7204Q,0.00403318,4.03318,3.402e-20,47 Tuc (NGC 104),-2.3943524,-19.468266,-10.931309,16.772883
freire,globular_cluster,47 Tuc (NGC 104),J0024-7204R,0.00348046,3.48046,1.48371e-19,47 Tuc (NGC 104),-2.4583634,-18.828651,-10.643507,16.069258
freire,globular_cluster,47 Tuc (NGC 104),J0024-7204S,0.00283041,2.83041,-2.054e-20,47 Tuc (NGC 104),-2.5481507,-19.6874,-11.117775,16.838219
freire,globular_cluster,47 Tuc (NGC 104),J0024-7204T,0.00758848,7.58848,2.937e-19,47 Tuc (NGC 104),-2.1198452,-18.532096,-10.325971,16.111221
freire,globular_cluster,47 Tuc (NGC 104),J0024-7203U,0.00434283,4.34283,9.523e-20,47 Tuc (NGC 104),-2.3622272,-19.021226,-10.691727,16.357969
freire,globular_cluster,47 Tuc (NGC 104),J0024-7204W,0.00235234,2.35234,-8.6553e-20,47 Tuc (NGC 104),-2.6284999,-19.062718,-10.845609,16.133188
freire,globular_cluster,47 Tuc (NGC 104),J0024-7201X,0.00477152,4.77152,1.83609e-20,47 Tuc (NGC 104),-2.3213433,-19.736106,-11.028725,17.113733
freire,globular_cluster,47 Tuc (NGC 104),J0024-7204Y,0.00219666,2.19666,-3.5172e-20,47 Tuc (NGC 104),-2.6582372,-19.453803,-11.05602,16.494536
freire,globular_cluster,47 Tuc (NGC 104),J0024-7204Z,0.00455445,4.55445,-4.56e-21,47 Tuc (NGC 104),-2.3415641,-20.341035,-11.3413,17.698441
freire,globular_cluster,47 Tuc (NGC 104),J0024-7204aa,0.00369076,3.69076,-9.178e-20,47 Tuc (NGC 104),-2.4328842,-19.037252,-10.735068,16.303338
freire,globular_cluster,47 Tuc (NGC 104),J0024-7204ab,0.00370464,3.70464,9.844e-21,47 Tuc (NGC 104),-2.431254,-20.006828,-11.219041,17.274544
freire,globular_cluster,NGC 1851,J0514-4002A,0.00499058,4.99058,2.354e-20,NGC 1851,-2.301849,-19.628194,-10.965021,17.025315
freire,globular_cluster,NGC 1851,J0514-4002E,0.00559595,5.59595,1.9328e-19,NGC 1851,-2.2521262,-18.713813,-10.48297,16.160657
freire,globular_cluster,M53 (NGC 5024),J1312+1810B,0.00624226,6.24226,-1.746e-20,M53 (NGC 5024),-2.2046581,-19.757956,-10.981307,17.252268
freire,globular_cluster,M53 (NGC 5024),J1312+1810C,0.01253508,12.5351,5.26e-20,M53 (NGC 5024),-1.9018729,-19.279014,-10.590444,17.076111
freire,globular_cluster,M53 (NGC 5024),J1312+1810D,0.00606974,6.06974,2.26e-20,M53 (NGC 5024),-2.2168299,-19.645892,-10.931361,17.128032
freire,globular_cluster,M53 (NGC 5024),J1312+1810E,0.00397214,3.97214,-7.58e-21,M53 (NGC 5024),-2.4009755,-20.120331,-11.260653,17.418325
freire,globular_cluster,Omega Centauri (NGC 5139),J1326-4728A,0.00410879,4.10879,2.7331e-20,Omega Centauri (NGC 5139),-2.3862861,-19.563344,-10.974815,16.876028
freire,globular_cluster,Omega Centauri (NGC 5139),J1326-4728B,0.00479187,4.79187,-5.4336e-20,Omega Centauri (NGC 5139),-2.319495,-19.264912,-10.792204,16.644387
freire,globular_cluster,Omega Centauri (NGC 5139),J1326-4728C,0.00686786,6.86786,1.0136e-20,Omega Centauri (NGC 5139),-2.1631786,-19.994133,-11.078656,17.529925
freire,globular_cluster,Omega Centauri (NGC 5139),J1326-4728D,0.00457883,4.57883,-4.1184e-20,Omega Centauri (NGC 5139),-2.3392455,-19.385271,-10.862258,16.744996
freire,globular_cluster,Omega Centauri (NGC 5139),J1326-4728E,0.00420772,4.20772,1.6265e-20,Omega Centauri (NGC 5139),-2.3759532,-19.788746,-11.08235,17.111763
freire,globular_cluster,Omega Centauri (NGC 5139),J1326-4728G,0.00330438,3.30438,2.7739e-20,Omega Centauri (NGC 5139),-2.48091,-19.556909,-11.01891,16.774969
freire,globular_cluster,Omega Centauri (NGC 5139),J1326-4728H,0.00252043,2.52043,3.9874e-20,Omega Centauri (NGC 5139),-2.5985254,-19.39931,-10.998918,16.499755
freire,globular_cluster,Omega Centauri (NGC 5139),J1326-4728K,0.0047158,4.7158,-9.0847e-21,Omega Centauri (NGC 5139),-2.3264446,-20.041689,-11.184067,17.414215
freire,globular_cluster,M3 (NGC 5272),J1342+2822A,0.00254474,2.54474,-1.0169e-20,M3 (NGC 5272),-2.5943566,-19.992722,-11.293539,17.097335
freire,globular_cluster,M3 (NGC 5272),J1342+2822B,0.00238942,2.38942,1.8694e-20,M3 (NGC 5272),-2.6217075,-19.728298,-11.175003,16.80556
freire,globular_cluster,M3 (NGC 5272),J1342+2822D,0.00544298,5.44298,2.08e-20,M3 (NGC 5272),-2.2641633,-19.681937,-10.97305,17.116743
freire,globular_cluster,M3 (NGC 5272),J1342+2822E,0.00547287,5.47287,-1.05e-21,M3 (NGC 5272),-2.2617849,-20.978811,-11.620298,18.415996
freire,globular_cluster,M3 (NGC 5272),J1342+2822F,0.00440381,4.40381,3.1224e-20,M3 (NGC 5272),-2.3561714,-19.505511,-10.930841,16.84831
freire,globular_cluster,M5 (NGC 5904),B1516+02A,0.00555359,5.55359,4.12985e-20,M5 (NGC 5904),-2.2554262,-19.384066,-10.819746,16.82761
freire,globular_cluster,M5 (NGC 5904),B1516+02B,0.00794694,7.94694,-3.308e-21,M5 (NGC 5904),-2.0998001,-20.480434,-11.290117,18.079604
freire,globular_cluster,M5 (NGC 5904),J1518+0204C,0.00248393,2.48393,2.60791e-20,M5 (NGC 5904),-2.6048606,-19.583707,-11.094284,16.677817
freire,globular_cluster,M5 (NGC 5904),J1518+0204D,0.00298798,2.98798,2.21796e-20,M5 (NGC 5904),-2.5246223,-19.654046,-11.089334,16.828394
freire,globular_cluster,M5 (NGC 5904),J1518+0204E,0.0031823,3.1823,1.7939e-20,M5 (NGC 5904),-2.4972589,-19.746202,-11.12173,16.947913
freire,globular_cluster,M5 (NGC 5904),J1518+0204F,0.00265419,2.65419,2.21e-20,M5 (NGC 5904),-2.576068,-19.655608,-11.115838,16.77851
freire,globular_cluster,M5 (NGC 5904),J1518+0204G,0.00275019,2.75019,1.247e-20,M5 (NGC 5904),-2.5606373,-19.904134,-11.232385,17.042466
freire,globular_cluster,M80 (NGC 6093),J1617-2258A,0.00431831,4.31831,6.1e-20,M80 (NGC 6093),-2.3646862,-19.21467,-10.789678,16.548954
freire,globular_cluster,M4 (NGC 6121),B1620-26,0.0110758,11.0758,-5.4693e-20,M4 (NGC 6121),-1.9556249,-19.262068,-10.608847,17.005413
freire,globular_cluster,M13 (NGC 6205),B1639+36A,0.0103775,10.3775,-7.3e-21,M13 (NGC 6205),-1.9839073,-20.136677,-11.060292,17.85174
freire,globular_cluster,M13 (NGC 6205),B1639+36B,0.00352807,3.52807,-1e-22,M13 (NGC 6205),-2.4524628,-22,-12.226231,19.246507
freire,globular_cluster,M13 (NGC 6205),J1641+3627C,0.00372208,3.72208,1.23e-21,M13 (NGC 6205),-2.4292143,-20.910095,-11.669655,18.179851
freire,globular_cluster,M13 (NGC 6205),J1641+3627D,0.00311829,3.11829,-2.36e-20,M13 (NGC 6205),-2.5060835,-19.627088,-11.066586,16.819975
freire,globular_cluster,M13 (NGC 6205),J1641+3627E,0.00248698,2.48698,1.75e-20,M13 (NGC 6205),-2.6043277,-19.756962,-11.180645,16.851604
freire,globular_cluster,M13 (NGC 6205),J1641+3627F,0.0030035,3.0035,1.4e-20,M13 (NGC 6205),-2.5223724,-19.853872,-11.188122,17.03047
freire,globular_cluster,M13 (NGC 6205),J1641+3627G,0.00432357,4.32357,-6.633e-21,M13 (NGC 6205),-2.3641575,-20.17829,-11.271224,17.513103
freire,globular_cluster,M13 (NGC 6205),J1641+3627I,0.00637518,6.37518,2.266e-18,M13 (NGC 6205),-2.1955075,-17.64474,-9.9201238,15.148203
freire,globular_cluster,M62 (NGC 6266),J1701-3006A,0.00524157,5.24157,-1.317006e-19,M62 (NGC 6266),-2.2805386,-18.880412,-10.580475,16.298844
freire,globular_cluster,M62 (NGC 6266),J1701-3006B,0.00359385,3.59385,-3.49618e-19,M62 (NGC 6266),-2.4444401,-18.456406,-10.450423,15.710936
freire,globular_cluster,M62 (NGC 6266),J1701-3006C,0.00761285,7.61285,-6.3325e-20,M62 (NGC 6266),-2.1184527,-19.198425,-10.658439,16.778942
freire,globular_cluster,M62 (NGC 6266),J1701-3006D,0.00341777,3.41777,1.356389e-19,M62 (NGC 6266),-2.4662572,-18.867616,-10.666936,16.100329
freire,globular_cluster,M62 (NGC 6266),J1701-3006E,0.00323374,3.23374,3.074423e-19,M62 (NGC 6266),-2.4902949,-18.512236,-10.501266,15.720911
freire,globular_cluster,M62 (NGC 6266),J1701-3006F,0.00229473,2.29473,2.207696e-19,M62 (NGC 6266),-2.6392684,-18.656061,-10.647665,15.715762
freire,globular_cluster,M62 (NGC 6266),J1701-3006G,0.0046081,4.6081,-1.1457e-19,M62 (NGC 6266),-2.3364781,-18.940929,-10.638704,16.303421
freire,globular_cluster,M62 (NGC 6266),J1701-3006H,0.00370476,3.70476,3.789e-20,M62 (NGC 6266),-2.4312399,-19.421475,-10.926358,16.689205
freire,globular_cluster,M62 (NGC 6266),J1701-3006I,0.00329562,3.29562,-3.3725e-19,M62 (NGC 6266),-2.4820629,-18.472048,-10.477055,15.688955
freire,globular_cluster,NGC 6316,J1716-2808A,0.00245079,2.45079,-8.37e-21,NGC 6316,-2.6106939,-20.077275,-11.343984,17.165551
freire,globular_cluster,M92 (NGC 6341),J1717+4308A,0.00315972,3.15972,6.1185e-20,M92 (NGC 6341),-2.5003514,-19.213355,-10.856853,16.411974
freire,globular_cluster,Terzan 1,J1735-3028B,0.0111366,11.1366,-8.95e-18,Terzan 1,-1.9532474,-17.048177,-9.5007122,14.7939
freire,globular_cluster,Terzan 1,J1735-3028C,0.00603882,6.03882,-4.43e-20,Terzan 1,-2.2190479,-19.353596,-10.786322,16.833518
freire,globular_cluster,Terzan 1,J1735-3028D,0.00538637,5.38637,2.77e-18,Terzan 1,-2.2687038,-17.55752,-9.913112,14.987786
freire,globular_cluster,Terzan 1,J1735-3028E,0.0030783,3.0783,5.59e-19,Terzan 1,-2.5116891,-18.252588,-10.382139,15.439869
freire,globular_cluster,Terzan 1,J1735-3028F,0.00521377,5.21377,-2.05e-18,Terzan 1,-2.2828481,-17.688246,-9.9855471,15.104368
freire,globular_cluster,Terzan 1,J1735-3028G,0.00391788,3.91788,1.38e-19,Terzan 1,-2.4069489,-18.860121,-10.633535,16.152142
freire,globular_cluster,M14 (NGC 6402),J1737-0314A,0.00197998,1.97998,9.55e-20,M14 (NGC 6402),-2.7033392,-19.019997,-10.861668,16.015627
freire,globular_cluster,NGC 6397,J1740-5340,0.00365033,3.65033,1.68e-19,NGC 6397,-2.4376679,-18.774691,-10.606179,16.035993
freire,globular_cluster,NGC 6397,J1740-5340B,0.00578697,5.78697,-6e-21,NGC 6397,-2.2375488,-20.221849,-11.229699,17.68327
freire,globular_cluster,Terzan 5,J1748-2446A,0.0115632,11.5632,-2.9e-20,Terzan 5,-1.936922,-19.537602,-10.737262,17.29965
freire,globular_cluster,Terzan 5,J1748-2446C,0.0084361,8.4361,-6.06e-19,Terzan 5,-2.0738583,-18.217527,-10.145693,15.842639
freire,globular_cluster,Terzan 5,J1748-2446D,0.00471398,4.71398,1.3e-19,Terzan 5,-2.3266123,-18.886057,-10.606334,16.258414
freire,globular_cluster,Terzan 5,J1748-2446E,0.0021978,2.1978,-1.8e-20,Terzan 5,-2.6580118,-19.744727,-11.20137,16.785686
freire,globular_cluster,Terzan 5,J1748-2446F,0.00554014,5.54014,4e-21,Terzan 5,-2.2564793,-20.39794,-11.32721,17.840431
freire,globular_cluster,Terzan 5,J1748-2446G,0.0216719,21.6719,3.9e-19,Terzan 5,-1.664103,-18.408935,-10.036519,16.443802
freire,globular_cluster,Terzan 5,J1748-2446H,0.00492589,4.92589,-8.3e-20,Terzan 5,-2.3075153,-19.080922,-10.694219,16.472377
freire,globular_cluster,Terzan 5,J1748-2446I,0.00957019,9.57019,-7.1e-20,Terzan 5,-2.0190794,-19.148742,-10.583911,16.828632
freire,globular_cluster,Terzan 5,J1748-2446K,0.00296965,2.96965,-9.4e-20,Terzan 5,-2.5272947,-19.026872,-10.777083,16.198547
freire,globular_cluster,Terzan 5,J1748-2446L,0.0022447,2.2447,-1.7e-20,Terzan 5,-2.6488417,-19.769551,-11.209196,16.819679
freire,globular_cluster,Terzan 5,J1748-2446M,0.00356957,3.56957,4.9e-19,Terzan 5,-2.4473841,-18.309804,-10.378594,15.56139
freire,globular_cluster,Terzan 5,J1748-2446N,0.0086669,8.6669,5.5e-19,Terzan 5,-2.0621362,-18.259637,-10.160887,15.896471
freire,globular_cluster,Terzan 5,J1748-2446O,0.00167663,1.67663,-6.9e-20,Terzan 5,-2.7755628,-19.161151,-10.968357,16.084558
freire,globular_cluster,Terzan 5,J1748-2446P,0.00172862,1.72862,2.6e-19,Terzan 5,-2.7623005,-18.585027,-10.673664,15.521696
freire,globular_cluster,Terzan 5,J1748-2446Q,0.002812,2.812,-3.6e-20,Terzan 5,-2.5509847,-19.443697,-10.997341,16.591683
freire,globular_cluster,Terzan 5,J1748-2446R,0.00502854,5.02854,4.7e-19,Terzan 5,-2.2985581,-18.327902,-10.31323,15.728314
freire,globular_cluster,Terzan 5,J1748-2446S,0.00611664,6.11664,6.4e-20,Terzan 5,-2.2134871,-19.19382,-10.703654,16.679303
freire,globular_cluster,Terzan 5,J1748-2446T,0.00708491,7.08491,3.1e-19,Terzan 5,-2.1496657,-18.508638,-10.329152,16.057943
freire,globular_cluster,Terzan 5,J1748-2446U,0.00328914,3.28914,3e-19,Terzan 5,-2.4829176,-18.522879,-10.502898,15.738931
freire,globular_cluster,Terzan 5,J1748-2446V,0.00207251,2.07251,-9.5e-20,Terzan 5,-2.6835034,-19.022276,-10.85289,16.037743
freire,globular_cluster,Terzan 5,J1748-2446W,0.00420518,4.20518,1.2e-19,Terzan 5,-2.3762154,-18.920819,-10.648517,16.243573
freire,globular_cluster,Terzan 5,J1748-2446X,0.00299926,2.99926,5.9e-20,Terzan 5,-2.5229859,-19.229148,-10.876067,16.405132
freire,globular_cluster,Terzan 5,J1748-2446Y,0.00204816,2.04816,1.5e-19,Terzan 5,-2.6886361,-18.823909,-10.756272,15.834243
freire,globular_cluster,Terzan 5,J1748-2446Z,0.00246259,2.46259,-8.6e-20,Terzan 5,-2.6086079,-19.065502,-10.837055,16.155864
freire,globular_cluster,Terzan 5,J1748-2446aa,0.00578804,5.78804,-4.4e-19,Terzan 5,-2.2374685,-18.356547,-10.297008,15.818049
freire,globular_cluster,Terzan 5,J1748-2446ab,0.00511971,5.11971,4.2e-19,Terzan 5,-2.2907546,-18.376751,-10.333753,15.784966
freire,globular_cluster,Terzan 5,J1748-2446ac,0.00508691,5.08691,2.3e-19,Terzan 5,-2.2935459,-18.638272,-10.465909,16.043696
freire,globular_cluster,Terzan 5,J1748-2446ad,0.00139595,1.39595,-3.4e-20,Terzan 5,-2.8551301,-19.468521,-11.161826,16.312361
freire,globular_cluster,Terzan 5,J1748-2446ae,0.00365859,3.65859,-5.7e-19,Terzan 5,-2.4366863,-18.244125,-10.340406,15.506409
freire,globular_cluster,Terzan 5,J1748-2446af,0.00330434,3.30434,-2.3e-19,Terzan 5,-2.4809153,-18.638272,-10.559594,15.856327
freire,globular_cluster,Terzan 5,J1748-2446ag,0.00444803,4.44803,1.2e-20,Terzan 5,-2.3518323,-19.920819,-11.136326,17.267956
freire,globular_cluster,Terzan 5,J1748-2446ah,0.00496515,4.96515,5.7e-19,Terzan 5,-2.3040676,-18.244125,-10.274096,15.639028
freire,globular_cluster,Terzan 5,J1748-2446ai,0.02122838,21.2284,1.4e-18,Terzan 5,-1.6730831,-17.853872,-9.7634776,15.879759
freire,globular_cluster,Terzan 5,J1748-2446aj,0.00295891,2.95891,1.41232e-19,Terzan 5,-2.5288682,-18.850067,-10.689468,16.020169
freire,globular_cluster,Terzan 5,J1748-2446ak,0.0018901,1.8901,8.8495e-20,Terzan 5,-2.7235152,-19.053081,-10.888298,16.028536
freire,globular_cluster,Terzan 5,J1748-2446am,0.00293382,2.93382,-1.368e-19,Terzan 5,-2.5325665,-18.863914,-10.69824,16.030317
freire,globular_cluster,Terzan 5,J1748-2446an,0.004802,4.802,1.55746e-19,Terzan 5,-2.3185778,-18.807583,-10.56308,16.187975
freire,globular_cluster,Terzan 5,J1748-2446ao,0.00227438,2.27438,8.6979e-20,Terzan 5,-2.643137,-19.060586,-10.851861,16.116419
freire,globular_cluster,Terzan 5,J1748-2446ap,0.00374469,3.74469,3.07e-19,Terzan 5,-2.4265841,-18.512862,-10.469723,15.785247
freire,globular_cluster,Terzan 5,J1748-2446aq,0.01252194,12.5219,-7.16198e-19,Terzan 5,-1.9023284,-18.144967,-10.023648,15.941609
freire,globular_cluster,Terzan 5,J1748-2446ar,0.00195281,1.95281,-2.648e-19,Terzan 5,-2.70934,-18.577082,-10.643211,15.566712
freire,globular_cluster,Terzan 5,J1748-2446as,0.00232646,2.32646,2.559829e-19,Terzan 5,-2.6333044,-18.591789,-10.612547,15.657455
freire,globular_cluster,Terzan 5,J1748-2446at,0.00218819,2.18819,-5.89966e-20,Terzan 5,-2.659915,-19.229173,-10.944544,16.268228
freire,globular_cluster,Terzan 5,J1748-2446au,0.00454822,4.54822,-1.06797e-19,Terzan 5,-2.3421585,-18.971441,-10.6568,16.328252
freire,globular_cluster,Terzan 5,J1748-2446av,0.00184945,1.84945,-4.25047e-20,Terzan 5,-2.7329574,-19.371563,-11.05226,16.337576
freire,globular_cluster,Terzan 5,J1748-2446aw,0.01304908,13.0491,1.306465e-18,Terzan 5,-1.8844201,-17.883902,-9.8841612,15.698452
freire,globular_cluster,Terzan 5,J1748-2446ax,0.0019435,1.9435,-9.5495e-21,Terzan 5,-2.7114155,-20.020019,-11.365717,17.007574
freire,globular_cluster,NGC 6440,J1748-2021B,0.0167601,16.7601,-3.2913e-19,NGC 6440,-1.7757234,-18.482633,-10.129178,16.405879
freire,globular_cluster,NGC 6440,J1748-2021C,0.00622693,6.22693,-5.984e-20,NGC 6440,-2.205726,-19.223008,-10.714367,16.716252
freire,globular_cluster,NGC 6440,J1748-2021D,0.0134958,13.4958,5.8678e-19,NGC 6440,-1.8698014,-18.231525,-10.050663,16.060693
freire,globular_cluster,NGC 6440,J1748-2021E,0.016264,16.264,3.124e-19,NGC 6440,-1.7887726,-18.505289,-10.147031,16.415486
freire,globular_cluster,NGC 6440,J1748-2021F,0.00379363,3.79363,-1.055e-20,NGC 6440,-2.420945,-19.976748,-11.198846,17.254773
freire,globular_cluster,NGC 6440,J1748-2021G,0.00521534,5.21534,-1.59525e-19,NGC 6440,-2.2827174,-18.797171,-10.539944,16.213424
freire,globular_cluster,NGC 6440,J1748-2021H,0.00284849,2.84849,1.89976e-19,NGC 6440,-2.5453853,-18.721301,-10.633343,15.874886
freire,globular_cluster,NGC 6441,J1750-3703B,0.00607454,6.07454,1.92e-20,NGC 6441,-2.2164866,-19.716699,-10.966593,17.199182
freire,globular_cluster,NGC 6441,J1750-3703C,0.0265687,26.5687,-9.96e-19,NGC 6441,-1.5756297,-18.001741,-9.7886852,16.125081
freire,globular_cluster,NGC 6441,J1750-3703D,0.00513994,5.13994,4.928e-19,NGC 6441,-2.289042,-18.307329,-10.298186,15.717257
freire,globular_cluster,NGC 6517,J1801-0857A,0.00717561,7.17561,-5.0992e-19,NGC 6517,-2.1441412,-18.292498,-10.21832,15.847327
freire,globular_cluster,NGC 6517,J1801-0857B,0.02896159,28.9616,2.2034e-18,NGC 6517,-1.5381776,-17.656907,-9.5975421,15.817699
freire,globular_cluster,NGC 6517,J1801-0857C,0.0037387,3.7387,-6.298e-20,NGC 6517,-2.4272794,-19.200797,-10.814038,16.472488
freire,globular_cluster,NGC 6517,J1801-0857D,0.00422653,4.22653,7.52e-21,NGC 6517,-2.374016,-20.123782,-11.248899,17.448736
freire,globular_cluster,NGC 6517,J1801-0857E,0.0076017,7.6017,-1.03598e-18,NGC 6517,-2.1190893,-17.984649,-10.051869,15.564529
freire,globular_cluster,NGC 6517,J1801-0857F,0.02489199,24.892,-2.6708e-18,NGC 6517,-1.6039404,-17.573359,-9.5886495,15.668388
freire,globular_cluster,NGC 6517,J1801-0857H,0.00564272,5.64272,3.431e-20,NGC 6517,-2.2485115,-19.464579,-10.856545,16.915038
freire,globular_cluster,NGC 6517,J1801-0857I,0.0032542,3.2542,-1.642e-20,NGC 6517,-2.4875558,-19.784627,-11.136091,16.996041
freire,globular_cluster,NGC 6517,J1801-0857K,0.0095905,9.5905,8.18e-19,NGC 6517,-2.0181588,-18.087247,-10.052703,15.768058
freire,globular_cluster,NGC 6517,J1801-0857L,0.0060573,6.0573,-3.38e-20,NGC 6517,-2.2177209,-19.471083,-10.844402,16.952332
freire,globular_cluster,NGC 6517,J1801-0857M,0.0053568,5.3568,4.8586e-19,NGC 6517,-2.2710946,-18.313489,-10.292292,15.741364
freire,globular_cluster,NGC 6517,J1801-0857N,0.0049946,4.9946,-5.315e-19,NGC 6517,-2.3014993,-18.274497,-10.287998,15.671967
freire,globular_cluster,NGC 6517,J1801-0857O,0.0042871,4.2871,1.2139e-19,NGC 6517,-2.3678364,-18.915817,-10.641827,16.246951
freire,globular_cluster,NGC 6522,J1803-3002A,0.00710139,7.10139,4e-20,NGC 6522,-2.1486566,-19.39794,-10.773298,16.948253
freire,globular_cluster,NGC 6522,J1803-3002C,0.0058404,5.8404,6.973e-19,NGC 6522,-2.2335574,-18.15658,-10.195069,15.621993
freire,globular_cluster,NGC 6539,B1802-07,0.0231009,23.1009,4.7e-19,NGC 6539,-1.6363711,-18.327902,-9.9821366,16.390501
freire,globular_cluster,NGC 6544,J1807-2459A,0.00305945,3.05945,-4.335e-21,NGC 6544,-2.5143566,-20.363011,-11.438684,17.547624
freire,globular_cluster,NGC 6544,J1807-2500B,0.00418618,4.18618,8.23245e-20,NGC 6544,-2.3781821,-19.084471,-10.731326,16.405259
freire,globular_cluster,NGC 6624,B1820-30A,0.00544,5.44,3.385e-18,NGC 6624,-2.2644011,-17.470441,-9.8674212,14.90501
freire,globular_cluster,NGC 6624,J1823-3021G,0.00609129,6.09129,-1.8e-20,NGC 6624,-2.2152907,-19.744727,-10.980009,17.228407
freire,globular_cluster,M28 (NGC 6626),J1824-2452B,0.00654666,6.54666,-2.415e-19,M28 (NGC 6626),-2.1839802,-18.617083,-10.400532,16.132073
freire,globular_cluster,M28 (NGC 6626),J1824-2452C,0.00415828,4.15828,1.70158e-19,M28 (NGC 6626),-2.3810863,-18.769148,-10.575117,16.087031
freire,globular_cluster,M28 (NGC 6626),J1824-2452E,0.00541913,5.41913,-1.088e-19,M28 (NGC 6626),-2.2660704,-18.963371,-10.614721,16.396271
freire,globular_cluster,M28 (NGC 6626),J1824-2452F,0.00245115,2.45115,9.494e-21,M28 (NGC 6626),-2.6106301,-20.022551,-11.31659,17.110891
freire,globular_cluster,M28 (NGC 6626),J1824-2452G,0.00590906,5.90906,1.789e-19,M28 (NGC 6626),-2.2284816,-18.74739,-10.487936,16.217878
freire,globular_cluster,M28 (NGC 6626),J1824-2452H,0.00462941,4.62941,8.19e-20,M28 (NGC 6626),-2.3344744,-19.086716,-10.710595,16.451212
freire,globular_cluster,M28 (NGC 6626),J1824-2452J,0.00403969,4.03969,-7.57e-20,M28 (NGC 6626),-2.393652,-19.120904,-10.757278,16.426222
freire,globular_cluster,M28 (NGC 6626),J1824-2452M,0.00478428,4.78428,1.22818e-19,M28 (NGC 6626),-2.3201834,-18.910738,-10.615461,16.289525
freire,globular_cluster,M28 (NGC 6626),J1824-2452N,0.00335287,3.35287,1.59209e-19,M28 (NGC 6626),-2.4745833,-18.798032,-10.636308,16.022419
freire,globular_cluster,NGC 6652,J1835-3259B,0.00183029,1.83029,6.65e-20,NGC 6652,-2.7374801,-19.177178,-10.957329,16.138668
freire,globular_cluster,M22 (NGC 6656),J1836-2354A,0.00335434,3.35434,2.318e-21,M22 (NGC 6656),-2.4743929,-20.634887,-11.55464,17.859464
freire,globular_cluster,M22 (NGC 6656),J1836-2354B,0.00323227,3.23227,-4.8e-22,M22 (NGC 6656),-2.4904924,-21.318759,-11.904626,18.527236
freire,globular_cluster,NGC 6712,J1853-0842A,0.00214943,2.14943,-2.402e-21,NGC 6712,-2.6676767,-20.619427,-11.643552,17.65072
freire,globular_cluster,NGC 6752,J1911-5958A,0.00326619,3.26619,2.9679e-21,NGC 6752,-2.4859586,-20.527551,-11.506755,17.740562
freire,globular_cluster,NGC 6752,J1910-5959B,0.0083578,8.3578,-7.99e-19,NGC 6752,-2.077908,-18.097453,-10.087681,15.718515
freire,globular_cluster,NGC 6752,J1911-6000C,0.00527733,5.27733,2.2e-21,NGC 6752,-2.2775857,-20.657577,-11.467582,18.078962
freire,globular_cluster,NGC 6752,J1910-5959D,0.00903529,9.03529,9.63e-19,NGC 6752,-2.0440579,-18.016374,-10.030216,15.671286
freire,globular_cluster,NGC 6752,J1910-5959E,0.00457177,4.57177,-4.37e-19,NGC 6752,-2.3399156,-18.359519,-10.349717,15.718573
freire,globular_cluster,NGC 6752,J1910-5959F,0.00848549,8.48549,7.4122e-19,NGC 6752,-2.0713231,-18.130053,-10.100688,15.7577
freire,globular_cluster,NGC 6760,J1911+0102A,0.00361852,3.61852,-6.58e-21,NGC 6760,-2.441469,-20.181774,-11.311622,17.439275
freire,globular_cluster,NGC 6760,J1911+0101B,0.00538432,5.38432,-2e-21,NGC 6760,-2.2688691,-20.69897,-11.48392,18.129071
freire,globular_cluster,M71 (NGC 6838),J1953+1846A,0.0048883,4.8883,4.8502e-20,M71 (NGC 6838),-2.3108421,-19.31424,-10.812541,16.702368
freire,globular_cluster,M71 (NGC 6838),J1953+1846C,0.0289328,28.9328,4.04e-20,M71 (NGC 6838),-1.5386095,-19.393619,-10.466114,17.553979
freire,globular_cluster,M71 (NGC 6838),J1953+1846E,0.00444408,4.44408,2.217e-20,M71 (NGC 6838),-2.3522181,-19.654234,-11.003226,17.000986
freire,globular_cluster,M15 (NGC 7078),B2127+11C  0.944     30.52929     +498.85(5),0.00033528,0.33528,2.5183e-20,M15 (NGC 7078),-3.4745924,-19.598893,-11.536742,15.82327
freire,globular_cluster,M15 (NGC 7078),B2127+11D,0.0048028,4.8028,-1.0701e-18,M15 (NGC 7078),-2.3185055,-17.970576,-10.144541,15.35104
freire,globular_cluster,M15 (NGC 7078),B2127+11E,0.00465144,4.65144,1.85465e-19,M15 (NGC 7078),-2.3324126,-18.731738,-10.532075,16.098295
freire,globular_cluster,M15 (NGC 7078),B2127+11F,0.00402704,4.02704,2.7113e-20,M15 (NGC 7078),-2.3950141,-19.566822,-10.980918,16.870778
freire,globular_cluster,M15 (NGC 7078),B2127+11H,0.00674339,6.74339,2.138e-20,M15 (NGC 7078),-2.1711217,-19.669992,-10.920557,17.197841
freire,globular_cluster,M15 (NGC 7078),J2129+1210J,0.01184248,11.8425,2.0407e-19,M15 (NGC 7078),-1.9265573,-18.690221,-10.308389,16.462633
freire,globular_cluster,M15 (NGC 7078),J2129+1210M,0.00483618,4.83618,-2.3686e-19,M15 (NGC 7078),-2.3154975,-18.625508,-10.470503,16.008981
freire,globular_cluster,M15 (NGC 7078),J2129+1210O,0.01106687,11.0669,-2.1946e-18,M15 (NGC 7078),-1.9559752,-17.658645,-9.8073099,15.401639
freire,globular_cluster,M2 (NGC 7089),J2133-0049A,0.01014929,10.1493,1.6832e-19,M2 (NGC 7089),-1.9935643,-18.773864,-10.383714,16.47927
freire,globular_cluster,M2 (NGC 7089),J2133-0049B,0.00697455,6.97455,-5.112e-20,M2 (NGC 7089),-2.1564838,-19.291409,-10.723946,16.833895
freire,globular_cluster,M2 (NGC 7089),J2133-0049C,0.00300493,3.00493,-2.2152e-20,M2 (NGC 7089),-2.5221656,-19.654587,-11.088376,16.831391
freire,globular_cluster,M2 (NGC 7089),J2133-0049D,0.00421574,4.21574,7.618e-20,M2 (NGC 7089),-2.3751262,-19.118159,-10.746643,16.442003
freire,globular_cluster,M2 (NGC 7089),J2133-0049E,0.00370312,3.70312,3.923e-20,M2 (NGC 7089),-2.4314322,-19.406382,-10.918907,16.673919
freire,globular_cluster,M2 (NGC 7089),J2133-0049F,0.00478089,4.78089,3.042e-20,M2 (NGC 7089),-2.3204912,-19.516841,-10.918666,16.89532
freire,globular_cluster,M2 (NGC 7089),J2133-0049G,0.00253574,2.53574,2.6836e-20,M2 (NGC 7089),-2.5958953,-19.571282,-11.083589,16.674357
freire,globular_cluster,M30 (NGC 7099),J2140-2310A,0.0110193,11.0193,-5.181e-20,M30 (NGC 7099),-1.957846,-19.285586,-10.621716,17.02671
atnf,field,,J0125-2327,0.00367537488757,3.67537,1.84159752231e-20,,-2.4346984,-19.734805,-11.084752,16.999077
atnf,field,,J0154+1833,0.0023645697763,2.36457,2.91860129849e-21,GRS:[saa+23],-2.6262479,-20.534825,-11.580537,17.607547
atnf,field,,J0203-0150,0.0051733218642,5.17332,1.42808750614e-20,,-2.2862305,-19.845245,-11.065738,17.257985
atnf,field,,J0214+5222,0.0245752948163,24.5753,2.95957264307e-19,,-1.6095013,-18.528771,-10.069136,16.61824
atnf,field,,J0307+7443,0.0031560886885,3.15609,1.72622324382e-20,"GRS:4FGL_J0307.8+7443[aab+22],GRS:3FGL_J0308.0+7442[bbc+24]",-2.5008508,-19.762903,-11.131877,16.961022
atnf,field,,J0406+3039,0.00260865404024,2.60865,8.30784081301e-21,,-2.5835835,-20.080512,-11.332048,17.195898
atnf,field,,J0407+1607,0.0257017391946,25.7017,7.9e-20,,-1.5900375,-19.102373,-10.346205,17.211305
atnf,field,,J0447+2447,0.00299528235041,2.99528,7.99649079051e-21,,-2.5235622,-20.097101,-11.310331,17.272508
atnf,field,,J0509+0856,0.00405583823156,4.05584,4.4118427326e-21,,-2.3919194,-20.35538,-11.37365,17.662431
atnf,field,,J0557+1550,0.00255636707678,2.55637,7.35188921017e-21,,-2.5923768,-20.133601,-11.362989,17.240194
atnf,field,,J0621+1002,0.0288538611941,28.8539,4.73e-20,,-1.5397961,-19.325139,-10.432467,17.484313
atnf,field,,J0622+0339_P,0.00877153380553,8.77153,3.4699852191e-20,,-2.0569245,-19.459672,-10.758298,17.101718
atnf,field,,J0640-0139,0.00346149254613,3.46149,4.89809342914e-20,,-2.4607366,-19.309973,-10.885355,16.548206
atnf,field,,J0646-5455,0.00250728557772,2.50729,1.81239246314e-21,,-2.6007962,-20.741748,-11.671272,17.839922
atnf,field,,J0711-6830,0.00549096850766,5.49097,1.49073073783e-20,,-2.260351,-19.826601,-11.043476,17.26522
atnf,field,,J0721-2038,0.015542394974,15.5424,4.4e-20,,-1.8084821,-19.356547,-10.582515,17.247035
atnf,field,,J0732+2314,0.00409013708236,4.09014,6.0225196869e-21,,-2.3882621,-20.220222,-11.304242,17.53093
atnf,field,,J0737-3039A,0.0226993785996,22.6994,1.75992816586e-18,,-1.643986,-17.754505,-9.6992455,15.809489
atnf,field,,J0742+4110,0.00313913693529,3.13914,6.69197411236e-21,,-2.5031897,-20.174446,-11.338818,17.370226
atnf,field,,J0824+0028,0.00986134867037,9.86135,1.46890381473e-19,,-2.0060637,-18.833007,-10.419535,16.525913
atnf,field,,J0838-2827,0.00361536101234,3.61536,1.04305265292e-20,GRS:4FGL_J0838.7-2827[tcb+24],-2.4418483,-19.981694,-11.211771,17.238815
atnf,field,,J0900-3144,0.0111096493381,11.1096,4.88775072242e-20,,-1.9542996,-19.310891,-10.632595,17.055561
atnf,field,,J0921-5202,0.00967981376625,9.67981,1.80651275891e-20,,-2.014133,-19.743159,-10.878646,17.427996
atnf,field,,J0925+6103,0.00598251289261,5.98251,1.61414976901e-20,,-2.2231164,-19.792056,-11.007586,17.26791
atnf,field,,J1012+5307,0.00525574910197,5.25575,1.7127329685e-20,OPT:[cgk98],-2.2793654,-19.76631,-11.022838,17.185915
atnf,field,,J1017-7156,0.0023385144404,2.33851,2.21387349366e-21,,-2.6310599,-20.654847,-11.642954,17.722757
atnf,field,,J1022+1001,0.0164529299584,16.4529,4.33372703718e-20,,-1.7837568,-19.363138,-10.573448,17.278352
atnf,field,,J1036-4353,0.00168010803268,1.68011,6.37944438332e-21,,-2.7746628,-20.195217,-11.48494,17.119524
atnf,field,,J1038+0032,0.0288515579513,28.8516,6.7e-20,,-1.5398307,-19.173925,-10.356878,17.333064
atnf,field,,J1045-0436,0.0240475170342,24.0475,7.86464982692e-20,,-1.6189298,-19.104321,-10.361625,17.184361
atnf,field,,J1045-4509,0.00747422423014,7.47422,1.76640380117e-20,,-2.1264339,-19.75291,-10.939672,17.325446
atnf,field,,J1056-7117,0.0263096769824,26.3097,6.29901183657e-20,,-1.5798845,-19.200728,-10.390306,17.319813
atnf,field,,J1101-6424,0.00510927290428,5.10927,1.8e-21,,-2.2916409,-20.744727,-11.518184,18.152057
atnf,field,,J1103-5403,0.00339270965933,3.39271,3.68335322639e-21,,-2.4694533,-20.433757,-11.451605,17.663273
atnf,field,,J1120-3618,0.00555701675966,5.55702,9.35677188596e-22,,-2.2551583,-21.028874,-11.642016,18.472686
atnf,field,,J1122-3546,0.0078380693569,7.83807,1.52359621484e-20,,-2.1057909,-19.81713,-10.961461,17.410309
atnf,field,,J1125+7819,0.00420160911826,4.20161,6.94295255936e-21,,-2.3765844,-20.158456,-11.26752,17.480841
atnf,field,,J1146-6610,0.00372231250267,3.72231,7.93e-21,,-2.4291872,-20.100727,-11.264957,17.37051
atnf,field,,J1208-5936,0.0287138598921,28.7139,2.96814869966e-20,,-1.5419084,-19.527514,-10.534711,17.684576
atnf,field,,J1216-6410,0.00353937571409,3.53938,1.59846822485e-21,,-2.4510733,-20.796296,-11.623685,18.044193
atnf,field,,J1242-4712,0.00531334694398,5.31335,2.14447657055e-20,,-2.2746318,-19.668679,-10.971655,17.093017
atnf,field,,J1300+1240,0.0062185319484,6.21853,1.143341e-19,XRS:[pkgw07],-2.2063121,-18.941824,-10.574068,16.434482
atnf,field,,J1317-0157,0.00290824459955,2.90824,5.49762632302e-21,,-2.5363691,-20.259825,-11.398097,17.422426
atnf,field,,J1325-6253,0.028968593236,28.9686,4.8e-20,,-1.5380726,-19.318759,-10.428416,17.479656
atnf,field,,J1327-0755,0.00267792323929,2.67792,1.80479424459e-21,,-2.5722019,-20.743572,-11.657887,17.87034
atnf,field,,J1337-6423,0.0094234067178,9.42341,2.4686565179e-20,,-2.0257921,-19.607539,-10.816666,17.280717
atnf,field,,J1405-4656,0.00760220343251,7.6022,2.79e-20,,-2.1190605,-19.554396,-10.836728,17.134305
atnf,field,,J1421-4409,0.00638572883834,6.38573,1.2366e-20,,-2.1947895,-19.907771,-11.05128,17.411951
atnf,field,,J1431-5740,0.00411054395677,4.11054,6.42e-21,,-2.3861007,-20.192465,-11.289283,17.505334
atnf,field,,J1435-6100,0.00934797221025,9.34797,2.44676836442e-20,,-2.0292826,-19.611407,-10.820345,17.281095
atnf,field,,J1453+1902,0.00579230273885,5.7923,1.16555378518e-20,,-2.2371487,-19.933468,-11.085308,17.395289
atnf,field,,J1502-6752,0.026744423767,26.7444,3.14501669896e-19,,-1.5727668,-18.502377,-10.037572,16.62858
atnf,field,,J1525-5545,0.0113598817918,11.3599,1.31369758781e-19,,-1.9446262,-18.881505,-10.413065,16.635848
atnf,field,,J1526-2744,0.00248914358719,2.48914,3.54649641059e-21,GRS:[cbb+23],-2.6039501,-20.4502,-11.527075,17.54522
atnf,field,,J1529-3828,0.00848628211574,8.48628,2.70063690555e-20,,-2.0712825,-19.568534,-10.819908,17.196221
atnf,field,,J1537-5312,0.00692709550838,6.9271,1.586e-20,,-2.1594488,-19.799697,-10.979573,17.339218
atnf,field,,J1545-4550,0.00357528862347,3.57529,5.24544023837e-20,,-2.4466889,-19.280218,-10.863453,16.532499
atnf,field,,J1546-5925,0.00779672885604,7.79673,1.61e-20,,-2.1080876,-19.793174,-10.950631,17.384057
atnf,field,,J1547-5709,0.00429114606417,4.29115,7.45e-21,,-2.3674267,-20.127844,-11.247635,17.459387
atnf,field,,J1552-4937,0.00628431138142,6.28431,1.9e-20,,-2.2017423,-19.721246,-10.961494,17.218474
atnf,field,,J1602-1009,0.00311577720594,3.11578,4.77442764423e-21,,-2.5064336,-20.321079,-11.413756,17.513615
atnf,field,,J1603-7202,0.0148419522526,14.842,1.56291616929e-20,,-1.828509,-19.806064,-10.817287,17.676525
atnf,field,,J1618-3921,0.0119873084134,11.9873,5.37953079198e-20,,-1.9212783,-19.269256,-10.595267,17.046947
atnf,field,,J1622-6617,0.0236234447394,23.6234,5.88202766988e-20,,-1.6266568,-19.230473,-10.428565,17.302786
atnf,field,,J1629-6902,0.00600060344322,6.0006,1e-20,,-2.2218051,-20,-11.110903,17.477165
atnf,field,,J1630+3550,0.00322915633731,3.22916,2.25545757577e-20,,-2.4909109,-19.646765,-11.068838,16.854824
atnf,field,,J1643-1224,0.00462164152675,4.62164,1.84630417787e-20,,-2.3352037,-19.733697,-11.03445,17.097463
atnf,field,,J1646-2142,0.00585310786298,5.85311,8.30709119906e-21,,-2.2326135,-20.080551,-11.156582,17.546908
atnf,field,,J1653-2054,0.00412914528456,4.12915,1.117e-20,,-2.3841398,-19.951947,-11.168043,17.266777
atnf,field,,J1708-3506,0.00450515894846,4.50516,1.14208164388e-20,,-2.3462899,-19.942303,-11.144296,17.294983
atnf,field,,J1709+2313,0.00463119627784,4.6312,3.63e-21,,-2.3343068,-20.440093,-11.3872,17.804757
atnf,field,,J1709-0333,0.00352401202169,3.52401,1.87521777008e-21,,-2.4529626,-20.726948,-11.589955,17.972956
atnf,field,,J1710+4923,0.00322022839856,3.22023,1.82105303558e-20,,-2.4921133,-19.739677,-11.115895,16.946534
atnf,field,,J1719-1438,0.00579015177002,5.79015,8.04285321903e-21,,-2.2373101,-20.09459,-11.16595,17.55625
atnf,field,,J1720-0533,0.00326765171027,3.26765,8.17248823383e-21,,-2.4857642,-20.087646,-11.286705,17.300851
atnf,field,,J1721-2457,0.0034966337827,3.49663,5.54224879242e-21,,-2.4563499,-20.256314,-11.356332,17.498934
atnf,field,,J1725-3853,0.004791822704,4.79182,5e-20,,-2.3194993,-19.30103,-10.810265,16.680501
atnf,field,,J1727-2946,0.027083183244,27.0832,2.4632e-19,,-1.5673003,-18.6085,-10.0879,16.74017
atnf,field,,J1727-2951,0.0284049534402,28.405,3.1e-19,,-1.5466059,-18.508638,-10.027622,16.661002
atnf,field,,J1737-0811,0.00417501731286,4.17502,7.93e-21,,-2.3793417,-20.100727,-11.240034,17.420355
atnf,field,,J1745-0952,0.0193763034411,19.3763,9.2459888327e-20,,-1.7127291,-19.034047,-10.373388,17.020288
atnf,field,,J1748-3009,0.00968396133718,9.68396,-3.57954852106e-20,,-2.013947,-19.446172,-10.730059,17.131195
atnf,field,,J1751-2857,0.00391487325943,3.91487,1.12247795213e-20,,-2.4072823,-19.949822,-11.178552,17.24151
atnf,field,,J1753-2819,0.0186236318326,18.6236,-4.93552839932e-20,,-1.7299356,-19.306666,-10.518301,17.275701
atnf,field,,J1755-3716,0.01278606929,12.7861,3.10618778988e-20,,-1.8932629,-19.507772,-10.700518,17.313479
atnf,field,,J1756-2251,0.028461589026,28.4616,1.01750192956e-18,,-1.5457409,-17.992465,-9.7691028,16.145694
atnf,field,,J1757-1854,0.0214972320712,21.4972,2.62732880587e-18,,-1.6676175,-17.580486,-9.6240515,15.611838
atnf,field,,J1757-2745,0.0176872150451,17.6872,-1.30453269214e-20,,-1.7523405,-19.884545,-10.818443,17.831174
atnf,field,,J1757-5322,0.00886996122728,8.86996,2.63e-20,,-2.0520783,-19.580044,-10.816061,17.226936
atnf,field,,J1801-3210,0.00745358437346,7.45358,7.22226960161e-23,,-2.1276348,-22.141326,-12.134481,19.712661
atnf,field,,J1802-2124,0.0126475935865,12.6476,7.25585924331e-20,,-1.8979921,-19.139311,-10.518652,16.940289
atnf,field,,J1803-4719,0.00366937114932,3.66937,3.43743186642e-20,,-2.4354084,-19.463766,-10.949587,16.727328
atnf,field,,J1804-2717,0.00934303084454,9.34303,4.08632365365e-20,,-2.0295122,-19.388667,-10.70909,17.058125
atnf,field,,J1804-2858,0.00149268528412,1.49269,-7.57334370586e-22,,-2.8260317,-21.120712,-11.973372,17.993651
atnf,field,,J1811-0624,0.00414568354804,4.14568,4.81227378253e-21,,-2.3824039,-20.31765,-11.350027,17.634216
atnf,field,,J1813-0402,0.00410655953837,4.10656,6.9428393224e-21,,-2.3865219,-20.158463,-11.272492,17.470911
atnf,field,,J1813-2621,0.00443001162863,4.43001,1.2466e-20,,-2.3535951,-19.904273,-11.128934,17.249648
atnf,field,,J1824-0621,0.00323301622927,3.23302,9.14479945698e-21,,-2.4903921,-20.038826,-11.264609,17.247404
atnf,field,,J1825-0319,0.00455352791974,4.55353,6.8e-21,,-2.341652,-20.167491,-11.254572,17.524809
atnf,field,,J1826-2415,0.00469575713056,4.69576,1.736e-20,,-2.3282944,-19.76045,-11.044372,17.131126
atnf,field,,J1828+0625,0.00362756255756,3.62756,4.68823178553e-21,,-2.4403851,-20.328991,-11.384688,17.587576
atnf,field,,J1835-0114,0.00511638764424,5.11639,7e-21,,-2.2910366,-20.154902,-11.222969,17.562835
atnf,field,,J1838+0024,0.00508712615386,5.08713,2.66448665394e-20,,-2.2935275,-19.574386,-10.933957,16.979829
atnf,field,,J1840+0012_P,0.00533897316989,5.33897,1.2884094798e-20,,-2.2725423,-19.889946,-11.081244,17.316374
atnf,field,,J1841+0130,0.0297727753332,29.7728,8.17277535261e-18,,-1.5261807,-17.08763,-9.3069056,15.26042
atnf,field,,J1843-1448,0.00547133087551,5.47133,6.209e-21,,-2.261907,-20.206978,-11.234443,17.644041
atnf,field,,J1844+0028,0.0035706717591,3.57067,1.80663203816e-20,,-2.4472501,-19.74313,-11.09519,16.99485
atnf,field,,J1844+0115,0.00418554393666,4.18554,1.0721492164e-20,,-2.3782481,-19.969745,-11.173996,17.290467
atnf,field,,J1844-0128,0.0291444223696,29.1444,3.05783047893e-20,,-1.5354445,-19.514587,-10.525016,17.678112
atnf,field,,J1845+0201_P,0.00430925040818,4.30925,2.8170142485e-20,,-2.3655983,-19.550211,-10.957905,16.883583
atnf,field,,J1845+0317_P,0.0018507022355,1.8507,2.81885628317e-20,,-2.7326635,-19.549927,-11.141295,16.516234
atnf,field,,J1846-0513,0.0233695392908,23.3695,1.01062349601e-18,,-1.6313498,-17.995411,-9.8133802,16.063031
atnf,field,,J1850+0124,0.00355976376804,3.55976,1.08978495525e-20,,-2.4485788,-19.962659,-11.205619,17.21305
atnf,field,,J1850+0242,0.0044798640471,4.47986,1.62560373232e-19,,-2.3487352,-18.788985,-10.56886,16.13922
atnf,field,,J1853+1303,0.00409179738358,4.0918,8.7171418545e-21,,-2.3880859,-20.059626,-11.223856,17.37051
atnf,field,,J1857+0642_P,0.00353098976955,3.53099,4.69166653764e-21,,-2.4521035,-20.328673,-11.390388,17.575539
atnf,field,,J1857+0943,0.00536210054968,5.3621,1.78413244369e-20,,-2.270665,-19.748573,-11.009619,17.176878
atnf,field,,J1900+0308,0.00490923901642,4.90924,5.90465379148e-21,,-2.3089858,-20.228806,-11.268896,17.61879
atnf,field,,J1901+0300,0.00779677625972,7.79678,4.57138694732e-20,,-2.1080849,-19.339952,-10.724018,16.930837
atnf,field,,J1903+0839_P,0.0046211691312,4.62117,4.67678970648e-21,,-2.3352481,-20.330052,-11.33265,17.693774
atnf,field,,J1904+0451,0.00609236792963,6.09237,5.71600983646e-21,,-2.2152139,-20.242907,-11.22906,17.726663
atnf,field,,J1904+0553_P,0.00490732370205,4.90732,1.27537350055e-20,,-2.3091553,-19.894363,-11.101759,17.284177
atnf,field,,J1904+0852,0.00619742963774,6.19743,1.009e-20,,-2.2077884,-19.996109,-11.101949,17.48729
atnf,field,,J1905+0400,0.00378440478824,3.7844,4.90518896342e-21,,-2.4220024,-20.309344,-11.365673,17.586312
atnf,field,,J1905+0649_P,0.0274644124464,27.4644,3.34152220304e-19,,-1.5612297,-18.476056,-10.018643,16.613796
atnf,field,,J1906+0055,0.00278955242369,2.78955,3.32e-21,,-2.5544655,-20.478862,-11.516664,17.623366
atnf,field,,J1906+0454,0.00208327833492,2.08328,2.98161340246e-21,,-2.6812527,-20.525549,-11.603401,17.543266
atnf,field,,J1906-1754,0.00287634963122,2.87635,3.91331214609e-21,,-2.5411583,-20.407456,-11.474307,17.565267
atnf,field,,J1908+0128,0.00470232427687,4.70232,5.26925471403e-20,,-2.3276874,-19.278251,-10.802969,16.649533
atnf,field,,J1908+1036,0.0106901954145,10.6902,1.57249662529e-20,,-1.9710144,-19.80341,-10.887212,17.531366
atnf,field,,J1909-3744,0.00294710807054,2.94711,1.40253797638e-20,,-2.5306039,-19.853085,-11.191845,17.021451
atnf,field,,J1910+1256,0.00498358394257,4.98358,9.67982377649e-21,,-2.3024582,-20.014133,-11.158295,17.410644
atnf,field,,J1910-5320,0.00233236685551,2.33237,3.69915590109e-20,,-2.6322031,-19.431897,-11.03205,16.498664
atnf,field,,J1911+1253,0.0272387038109,27.2387,4.32555092428e-20,,-1.5648136,-19.363959,-10.464386,17.498115
atnf,field,,J1911+1347,0.00462596247127,4.62596,1.69240313354e-20,,-2.3347979,-19.771496,-11.053147,17.135668
atnf,field,,J1912+1416,0.00316624139067,3.16624,8.05916546494e-21,,-2.499456,-20.09371,-11.296583,17.293224
atnf,field,,J1912-0952,0.0250680482597,25.068,2.85925204816e-20,,-1.6008795,-19.543748,-10.572314,17.641838
atnf,field,,J1913+0618,0.00502686123175,5.02686,9.61245459399e-21,,-2.2987031,-20.017166,-11.157934,17.417433
atnf,field,,J1913+1102,0.0272850068525,27.285,1.60805865371e-19,,-1.5640759,-18.793698,-10.178887,16.928592
atnf,field,,J1914+0659,0.0185118225514,18.5118,3.1e-20,,-1.7325508,-19.508638,-10.620595,17.475057
atnf,field,,J1916+0740,0.0112196601704,11.2197,2.001504312e-20,,-1.9500203,-19.698643,-10.824332,17.447593
atnf,field,,J1917+0615_P,0.00396769942932,3.9677,2.11266212178e-20,,-2.4014612,-19.67517,-11.038316,16.972679
atnf,field,,J1917+1259_P,0.00563746844036,5.63747,6.5468963857e-21,,-2.2489159,-20.183965,-11.21644,17.634019
atnf,field,,J1918+0621_P,0.00210368262905,2.10368,5.57610556076e-22,,-2.6770198,-21.253669,-11.965344,18.275619
atnf,field,,J1918-0642,0.00764587276964,7.64587,2.56914318107e-20,,-2.1165729,-19.590212,-10.853392,17.172609
atnf,field,,J1923+2515,0.00378815552088,3.78816,9.55500020018e-21,,-2.4215722,-20.019769,-11.220671,17.297167
atnf,field,,J1924+1342,0.00572108595313,5.72109,8.98133823818e-20,,-2.2425215,-19.046659,-10.64459,16.503107
atnf,field,,J1928+1245,0.00302160634797,3.02161,1.67993930566e-20,,-2.5197621,-19.774706,-11.147234,16.953914
atnf,field,,J1928-0548,0.028040913765,28.0409,1.05520499769e-19,,-1.5522078,-18.976663,-10.264435,17.123425
atnf,field,,J1929+0132,0.00641821690373,6.41822,8.56001100881e-21,,-2.1925856,-20.067526,-11.130056,17.57391
atnf,field,,J1930+1403_P,0.00320944837353,3.20945,8.15804261899e-22,,-2.4935696,-21.088414,-11.790992,18.293814
atnf,field,,J1930+2441,0.0057674069327,5.76741,8.64837550911e-21,,-2.2390194,-20.063065,-11.151042,17.523016
atnf,field,,J1932+2121_P,0.0142447035656,14.2447,3.52457413892e-19,,-1.8463466,-18.452893,-10.14962,16.305517
atnf,field,,J1933+1726,0.0215072337864,21.5072,4.9e-20,,-1.6674154,-19.309804,-10.48861,17.341358
atnf,field,,J1933-6211,0.00354343149574,3.54343,3.87098605565e-21,,-2.450576,-20.412178,-11.431377,17.660572
atnf,field,,J1937+1658,0.00395766764534,3.95767,1.32024549666e-20,,-2.4025607,-19.879345,-11.140953,17.175755
atnf,field,,J1938+2012,0.00263413512755,2.63414,7.5e-22,,-2.579362,-21.124939,-11.85215,18.244547
atnf,field,,J1938+6604,0.022258801226,22.2588,1.94713513184e-20,,-1.6524982,-19.710604,-10.681551,17.757076
atnf,field,,J1939+2134,0.00155780656704,1.55781,1.05102716438e-19,,-2.8074865,-18.978386,-10.892936,15.86987
atnf,field,,J1943+2206,0.00468167130296,4.68167,1.75344369512e-22,,-2.3295991,-21.756108,-12.042854,19.125479
atnf,field,,J1943+2210,0.00508417368995,5.08417,8.78859951727e-21,,-2.2937796,-20.05608,-11.17493,17.461271
atnf,field,,J1944+0907,0.0051852019088,5.1852,1.73366747933e-20,,-2.2852343,-19.761034,-11.023134,17.17477
atnf,field,,J1944+2236,0.00361799307811,3.61799,7.46122813056e-21,,-2.4415323,-20.12719,-11.284361,17.384627
atnf,field,,J1946+0904_P,0.0257722599788,25.7723,2.3911537839e-21,,-1.5888475,-20.621392,-11.10512,18.731515
atnf,field,,J1946+2052,0.016960175323,16.9602,9.20472150355e-19,,-1.7705697,-18.035989,-9.9032795,15.96439
atnf,field,,J1947+2011_P,0.00817755192435,8.17755,2.31645839367e-20,,-2.0873767,-19.635175,-10.861276,17.246769
atnf,field,,J1949+3106,0.0131381831522,13.1382,9.39234621109e-20,,-1.8814647,-19.027226,-10.454345,16.844731
atnf,field,,J1952+2630,0.0207323600914,20.7324,4.27161935801e-18,,-1.6833513,-17.369407,-9.5263794,15.385026
atnf,field,,J1952+2837,0.0180209426868,18.0209,2.11333909741e-19,,-1.7442225,-18.675031,-10.209627,16.629778
atnf,field,,J1953+1844,0.00444408092433,4.44408,2.19223393408e-20,,-2.352218,-19.659113,-11.005666,17.005865
atnf,field,,J1955+2527,0.00487276586298,4.87277,9.11763730768e-21,,-2.3122245,-20.040118,-11.176171,17.426863
atnf,field,,J1955+2908,0.00613316651623,6.13317,2.97397496511e-20,,-2.2123152,-19.526663,-10.869489,17.013317
atnf,field,,J1955+6708,0.00856540626781,8.56541,1.25969738843e-20,,-2.067252,-19.899734,-10.983493,17.531452
atnf,field,,J2001+0701,0.00681995856076,6.81996,1.4381459311e-20,,-2.1662183,-19.842197,-11.004208,17.374949
atnf,field,,J2007+2722,0.0244973885459,24.4974,9.61095455981e-19,,-1.6108802,-18.017233,-9.8140568,16.105323
atnf,field,,J2010+3051,0.00481627451331,4.81627,4.86662573935e-21,,-2.3172888,-20.312772,-11.31503,17.694453
atnf,field,,J2010-1323,0.00522327101686,5.22327,4.82502988668e-21,,-2.2820574,-20.3165,-11.299279,17.733413
atnf,field,,J2015+0756,0.00432798395699,4.32798,6.66839446697e-21,,-2.3637144,-20.175979,-11.269847,17.511234
atnf,field,,J2019+2425,0.00393452408033,3.93452,7.0237e-21,,-2.4051078,-20.153434,-11.279271,17.447296
atnf,field,,J2022+2534,0.00264593576759,2.64594,6.16085895585e-21,,-2.5774207,-20.210359,-11.39389,17.331908
atnf,field,,J2027+0255,0.0105955198215,10.5955,5.26972099113e-20,,-1.9748777,-19.278212,-10.626545,17.002305
atnf,field,,J2031-1254,0.00578835784713,5.78836,6.01751354732e-21,,-2.2374446,-20.220583,-11.229014,17.682108
atnf,field,,J2033+1734,0.00594895754059,5.94896,1.11464645794e-20,,-2.2255591,-19.952863,-11.089211,17.426274
atnf,field,,J2035+3655,0.0245649675628,24.565,1.24048673879e-18,,-1.6096838,-17.906408,-9.7580458,15.995694
atnf,field,,J2045-6837,0.00296225485844,2.96225,1.28026576618e-20,,-2.5283776,-19.8927,-11.210539,17.063292
atnf,field,,J2053+4650,0.0125862753144,12.5863,1.72275579839e-19,,-1.9001028,-18.763776,-10.33194,16.562644
atnf,field,,J2055+3829,0.00208929030219,2.08929,9.99615678404e-22,,-2.6800012,-21.000167,-11.840084,18.019136
atnf,field,,J2129-5721,0.00372634848602,3.72635,2.08536009701e-20,,-2.4287165,-19.680819,-11.054768,16.951072
atnf,field,,J2144-5237,0.00504145377852,5.04145,9.05581208439e-21,,-2.2974442,-20.043073,-11.170258,17.444598
atnf,field,,J2145-0750,0.0160524239211,16.0524,2.97926371224e-20,,-1.7944594,-19.525891,-10.660175,17.430402
atnf,field,,J2150-0326,0.00351070285701,3.5107,8.16163787918e-21,,-2.4546059,-20.088223,-11.271414,17.332587
atnf,field,,J2212+2450,0.00390751512659,3.90752,1.98492768039e-21,,-2.4080993,-20.702255,-11.555177,17.993126
atnf,field,,J2229+2643,0.00297781929575,2.97782,1.52368667508e-21,,-2.5261017,-20.817104,-11.671603,17.989973
atnf,field,,J2234+0611,0.00357658163167,3.57658,1.2014186449e-20,,-2.4465319,-19.920306,-11.183419,17.172744
atnf,field,,J2234+0944,0.00362702789573,3.62703,2.01002938861e-20,GRS:4FGL_J2234.7+0943[aab+22],-2.4404491,-19.696798,-11.068623,16.955318
atnf,field,,J2236-5527,0.00690754939292,6.90755,9.6e-21,,-2.160676,-20.017729,-11.089202,17.556023
atnf,field,,J2322+2057,0.00480842828946,4.80843,9.65740322842e-21,,-2.3179969,-20.01514,-11.166568,17.396113
atnf,field,,J2355+0051,0.00371899230449,3.71899,3.22260057629e-21,,-2.4295747,-20.491794,-11.460684,17.761189
