apogee_id,field,glon,glat,teff,logg,m_h,alpha_m,vmicro,vsini,r_arcmin
2M16345691+3608594,M13,58.4051551331508,42.2307931958506,5721.063,3.618846,-1.4085,0.2198753,2.029037,-9999.0,87.16189032468657
2M16350216+3644187,M13,59.1991493127345,42.2692037881599,4673.507,2.615298,-0.36152,0.228575,1.179707,-9999.0,82.33811171579165
2M16350370+3627499,M13,58.8302828902596,42.2386087167434,4848.257,2.036219,-1.5107,0.264535,1.507336,-9999.0,80.44251178490126
2M16351292+3606257,M13,58.3551028321251,42.1728884585502,4726.708,2.483476,-0.19457,0.210155,1.364426,-9999.0,85.35572161974568
2M16353489+3648385,M13,59.3095299562571,42.1669210199464,4812.265,3.313626,0.021434,0.120379,0.6564021,2.496031,77.5270734794147
2M16353866+3605134,M13,58.3400225809236,42.0846511404147,4968.031,2.894876,-0.55246,0.123273,0.3303695,-9999.0,81.13710715510746
2M16354179+3651021,M13,59.3659459801676,42.1476318646612,5038.68,2.443411,-0.66325,0.291365,1.552709,-9999.0,77.26803105812958
2M16354216+3633427,M13,58.9784152133946,42.1196924363293,4829.803,2.717782,-0.62308,0.307955,1.012948,-9999.0,72.6062821064821
2M16354366+3617363,M13,58.6189487959554,42.088678317342,5207.752,2.711091,-1.3671,0.314455,1.520863,-9999.0,74.51129465956743
2M16354556+3658238,M13,59.5322625811171,42.146082455516,4952.219,3.095773,-0.58567,0.247085,0.8232771,4.235259,80.51316007765735
2M16354705+3557273,M13,58.1705082043279,42.0431399019619,4476.231,2.192144,-0.42625,0.197485,1.376766,-9999.0,84.61388210399272
2M16354822+3640086,M13,59.1248498381972,42.1095773749184,4922.795,3.027541,-0.70907,0.306805,0.940717,-9999.0,72.30376829391537
2M16355193+3611091,M13,58.4785542707318,42.0502562142972,4754.362,3.255511,0.051062,0.113456,0.3513905,-9999.0,75.48130676295203
2M16355398+3640399,M13,59.1389570812106,42.0912382099773,4784.205,3.11908,-0.29939,0.239905,0.3432496,1.732008,71.29539322436658
2M16360010+3700559,M13,59.5947815191605,42.101607489536,4600.225,2.680657,0.043881,0.042242,1.032709,-9999.0,79.64189979760565
2M16360564+3641083,M13,59.1544434704825,42.0531947419191,4586.333,2.439244,0.22657,0.009398,1.209008,-9999.0,69.13703264401396
2M16361428+3710587,M13,59.8250902438402,42.0692788049014,4683.2,2.711904,-0.38715,0.248315,0.8288043,-9999.0,85.02868945920311
2M16361512+3720343,M13,60.0400230843269,42.0801133009746,4912.352,2.538004,-1.006,0.278205,1.248119,-9999.0,93.53291232988713
2M16362068+3635362,M13,59.0372130354529,41.9943855986864,4885.698,3.400271,-0.35228,0.238935,0.8243355,2.225871,65.08362031550877
2M16362343+3632059,M13,58.9601950761622,41.9795862884146,4738.664,2.520877,-0.67856,0.298595,1.386022,-9999.0,64.24471411478824
2M16362376+3553196,M13,58.0960691455259,41.9127146346799,4553.108,1.39808,-1.1791,0.236625,1.934194,-9999.0,81.40357782861645
2M16362726+3637298,M13,59.0823075846068,41.9754900320388,4708.074,2.564704,-0.45891,0.242625,1.240424,-9999.0,64.0764435857405
2M16363580+3619418,M13,58.6891269377732,41.917953669919,4569.791,2.437382,-0.2097,0.159385,1.275587,-9999.0,63.46769605049141
2M16363650+3706282,M13,59.7329909766499,41.9892192041345,4880.188,2.21841,-1.4401,0.295285,1.191418,-9999.0,77.94067073360101
2M16363993+3654060,M13,59.4581684326438,41.9592938949863,4952.189,2.463035,-0.42119,0.094343,1.695391,-9999.0,68.45977972113388
2M16364314+3630170,M13,58.9283550253251,41.910973584847,4755.402,2.759864,-0.5291,0.304015,1.033777,-9999.0,60.257866457617396
2M16364370+3717467,M13,59.98838935391,41.9818192615971,4078.829,1.137646,-0.77234,0.154645,1.904627,-9999.0,87.07325724095774
2M16364652+3536483,M13,57.7398454550149,41.8060881997231,4981.149,3.305853,-0.4711,0.304805,0.7306678,-9999.0,93.2660702902478
2M16364676+3710413,M13,59.8312196738162,41.9614697353493,4621.936,2.621597,-0.24826,0.212535,1.072586,-9999.0,80.04976755285391
2M16364922+3537560,M13,57.7662832696749,41.7990989325527,4854.702,3.428774,0.10702,0.125084,0.7708147,2.786827,91.72993830677574
2M16365576+3643402,M13,59.2321873810963,41.8904753587476,4995.061,2.526175,-0.59615,0.281545,1.440456,-9999.0,60.320120864822876
2M16365647+3658033,M13,59.5532155426664,41.9104505473773,4750.061,2.607604,-0.2537,0.187435,0.8136095,-9999.0,68.30478698269144
2M16365670+3531146,M13,57.6215343680579,41.7613745657916,4551.026,2.496721,-0.25865,0.264405,1.034627,-9999.0,97.72221684192566
2M16370110+3701091,M13,59.6241602697096,41.8998059654047,4945.18,3.373728,-0.43392,0.268135,0.3151664,1.949979,69.89185410150343
2M16370259+3609531,M13,58.4830507622551,41.8116842704388,4680.57,2.927273,0.11731,0.04871,0.3617512,-9999.0,62.6622380846719
2M16370400+3652270,M13,59.4313556689368,41.8768927263815,4710.886,2.871768,-0.11302,0.11844,0.917783,-9999.0,63.28285485555067
2M16370807+3527591,M13,57.5551423295352,41.7168476913277,4789.317,2.035398,-0.54026,0.199425,1.722146,-9999.0,99.81688503414624
2M16370809+3657115,M13,59.538724309171,41.8706273977256,5040.573,3.285898,-0.3336,0.09297,0.9055845,-9999.0,65.79115299589988
2M16370867+3534159,M13,57.6947914016752,41.7267668814669,5025.639,2.448837,-0.61178,0.207735,1.786652,-9999.0,92.89119691750763
2M16370956+3718326,M13,60.0153856980214,41.8975230124321,4992.44,3.19323,-0.37289,0.090833,1.096385,3.481128,84.5553520880154
2M16371172+3723125,M13,60.1202842958164,41.8970623642565,4631.193,2.743783,0.12057,0.0330477,0.9630171,-9999.0,89.13632246444404
2M16371177+3640217,M13,59.1653843155688,41.8319633665999,4664.53,2.465901,-0.068352,0.111409,1.126894,-9999.0,56.097937979548334
2M16371840+3558183,M13,58.2332785197704,41.7383234963995,4902.906,3.229114,-0.30945,0.262865,0.4025965,1.504458,68.13147481990396
2M16372078+3635578,M13,59.0714175846835,41.7948555431515,4805.049,3.059121,-0.013774,0.050546,0.9874018,-9999.0,53.21906826538271
2M16372271+3721197,M13,60.0825271938851,41.8581154224695,4825.469,2.73619,-0.65235,0.315225,1.214694,-9999.0,85.8909469584035
2M16372467+3655495,M13,59.5151148302786,41.8135409498203,4739.772,2.761887,0.062459,0.0230735,1.120606,-9999.0,62.10875995518186
2M16372725+3618352,M13,58.6879751778394,41.7442268476799,4671.481,2.459022,-0.59163,0.269835,1.473092,-9999.0,53.65336811532932
2M16372760+3644248,M13,59.2623890922564,41.7858258331274,5007.772,3.246653,-0.514,0.246045,0.79431,2.518836,54.687988790116755
2M16373721+3623180,M13,58.7972798847027,41.719028808878,4897.521,3.538475,0.17886,0.075404,0.3356294,1.502242,50.191621410031914
2M16373924+3528344,M13,57.5845492170498,41.6128923609308,4712.02,2.500622,-0.59677,0.257105,1.301338,-9999.0,95.35975765702003
2M16374302+3640370,M13,59.1846312840865,41.7284293960241,4711.01,3.024789,0.24837,0.010331,0.9477614,-9999.0,50.21117347731547
2M16374360+3609572,M13,58.5039275614976,41.6745945065005,4904.513,3.141277,-0.49335,0.304865,0.7316275,-9999.0,55.01427687952498
2M16374630+3701353,M13,59.6523278482078,41.7507364248702,5135.952,2.39123,-0.76025,0.223595,1.924288,-9999.0,63.4816672943649
2M16375027+3635052,M13,59.0649453544837,41.6952518794534,5100.43,3.780473,-0.53504,0.158295,0.4432615,1.874951,47.230310418120254
2M16375847+3654029,M13,59.4897746554996,41.6986726013784,4850.617,2.99785,-0.45285,0.242995,0.9004093,-9999.0,55.38842380867195
2M16375886+3610241,M13,58.5211529898657,41.6243553666054,4895.503,2.491569,-0.56644,0.281295,1.390177,-9999.0,51.93640304078311
2M16380048+3535216,M13,57.745870241005,41.5544132337775,4936.439,3.279299,-0.28154,0.171695,0.9265866,2.878061,85.13432250508367
2M16380051+3615031,M13,58.6250445846193,41.6270157520792,4959.677,3.095803,-0.39096,0.176835,1.211415,3.261294,48.82917302206006
2M16380242+3731241,M13,60.3220410313824,41.7416427494961,4633.897,2.510953,0.12656,0.0245913,1.134261,-9999.0,93.20457494647756
2M16380268+3658564,M13,59.6002489050517,41.6923850822637,4843.424,2.952682,-0.51371,0.284915,0.9014653,-9999.0,58.80367907460078
2M16381640+3545461,M13,57.9842877255161,41.5206545813628,4746.589,2.444089,-0.018654,0.018054,1.395436,-9999.0,71.62363350151078
2M16382222+3538332,M13,57.8277724367495,41.4873780756934,4252.469,1.797982,-0.17616,0.118681,1.454052,-9999.0,78.94110990455019
2M16383052+3624376,M13,58.8512691955462,41.5434403005862,4860.018,2.900405,-0.60111,0.267885,1.099748,-9999.0,39.181519849049145
2M16383232+3708171,M13,59.8200626227072,41.6087415966487,5273.953,3.596409,-2.1027,0.404755,0.4654789,-9999.0,64.18713716734842
2M16383397+3518354,M13,57.3932173205159,41.4086321324578,5011.349,2.994523,-0.72275,0.230105,1.089198,-9999.0,101.5156778547879
2M16383408+3630290,M13,58.9826255028329,41.5416172056265,4584.284,2.358875,-0.58203,0.286375,1.264271,-9999.0,37.93260823010866
2M16383703+3523237,M13,57.5008831767787,41.40790455726,4911.712,2.482138,-0.36503,0.111614,1.534228,-9999.0,95.3479581499853
2M16384168+3626290,M13,58.897532164815,41.5094311708759,4895.525,3.423953,-0.30136,0.218075,0.3598653,2.62144,36.59344576898823
2M16384606+3734503,M13,60.4149735159462,41.6029140779565,4281.872,1.895641,-0.16098,0.143325,1.252789,-9999.0,93.99303059156014
2M16384881+3553029,M13,58.1616505027358,41.4254837896696,4997.723,2.853103,-0.6692,0.127595,1.082722,-9999.0,59.561006244975154
2M16385080+3549315,M13,58.0848767431506,41.4122121384981,3995.856,1.219394,-0.65918,0.304695,1.831808,-9999.0,63.15894442362455
2M16385085+3545236,M13,57.9936534884409,41.4042023005132,4951.494,3.394122,-0.32713,0.186655,0.3086882,2.61957,67.80786181120305
2M16385520+3525248,M13,57.5552357561549,41.3506712523796,4635.753,2.163599,-0.7699,0.287915,1.427381,-9999.0,91.2025688686367
2M16385618+3706452,M13,59.7959474248595,41.5274339804918,4882.238,2.448444,-0.78931,0.151735,1.372587,-9999.0,59.968133785146584
2M16385623+3535110,M13,57.7711745700723,41.3664568667496,4572.904,2.467323,0.21377,0.010393,1.201609,-9999.0,79.21457404630986
2M16385680+3635073,M13,59.0956744879724,41.4738329300067,4721.43,1.71527,-1.709,0.056465,1.346883,-9999.0,34.21829462520602
2M16385891+3713172,M13,59.941885021998,41.5285241906679,4880.576,2.787829,-0.75665,0.283325,1.091104,-9999.0,67.10838045427826
2M16390296+3722100,M13,60.1403807397088,41.5286464084704,4057.064,1.350999,-0.61222,0.311585,1.76157,-9999.0,77.3158611379621
2M16390317+3651068,M13,59.4524572901597,41.4793092892856,4972.821,2.47957,-0.61516,0.311775,1.462379,-9999.0,43.26168597889422
2M16390405+3514447,M13,57.3250354712956,41.2993033685773,4906.663,3.0271,-0.58584,0.277105,0.8276886,-9999.0,103.76119348195458
2M16390826+3658360,M13,59.6204041963195,41.4745353140054,4792.685,3.095761,-0.21655,0.188985,0.9107035,3.414523,49.88643355780293
2M16391045+3612137,M13,58.5959634312462,41.3882551503697,4513.952,2.173428,-0.5179,0.268785,1.370124,-9999.0,37.954648843508636
2M16391543+3608365,M13,58.5184921651433,41.365047532624,4631.191,2.74846,0.0059981,0.172895,1.016071,-9999.0,40.188724180070146
2M16391920+3522287,M13,57.5036268824784,41.2638830987684,4746.519,2.063618,-1.0527,0.164455,1.491386,-9999.0,92.84296193265487
2M16391959+3731295,M13,60.3536687015317,41.4877295431071,4952.404,3.481297,-0.353,0.188875,0.4649326,2.265792,87.75637421883783
2M16392160+3640068,M13,59.2173244803626,41.39980507903,4462.017,1.860196,-0.73618,0.301235,1.470415,-9999.0,31.912581220646622
2M16392213+3533545,M13,57.7568291965147,41.2767754168298,4839.204,2.95876,-0.42029,0.283075,0.3394689,-9999.0,78.34449928843235
2M16392368+3530160,M13,57.6774827234107,41.2643712008668,4762.578,2.628122,-0.52229,0.270765,1.11022,-9999.0,82.72999737390228
2M16392414+3702517,M13,59.7215197393044,41.4287595398642,5093.358,3.207628,-0.59516,0.292115,0.8925447,3.383218,52.833119145397106
2M16392465+3751067,M13,60.7905013822293,41.4992042571181,4723.072,2.431945,-0.26606,0.200065,1.232693,-9999.0,112.52754588728757
2M16392535+3525016,M13,57.563068237421,41.248246389295,4777.083,3.015321,-0.36725,0.257555,0.3159294,-9999.0,89.15649008093499
2M16392577+3723182,M13,60.1747054726266,41.4551649783049,4840.025,1.596884,-9999.0,-9999.0,1.170167,-9999.0,77.15877973070556
2M16392790+3625301,M13,58.897407337061,41.3536237028761,4833.084,2.925307,-0.57683,0.287995,0.6776259,-9999.0,27.46133192334852
2M16393292+3719415,M13,60.0976094719965,41.4260871453403,4625.632,2.450216,0.095023,0.011932,1.21803,-9999.0,72.23063822633183
2M16393366+3632322,M13,59.0554208582519,41.3467118446456,4935.134,3.657342,-0.10062,0.084949,0.3758807,2.967085,26.34405137075861
2M16393877+3616077,M13,58.6957506769802,41.3006735763264,5156.061,2.027173,-9999.0,-9999.0,1.998573,-9999.0,30.08259511626358
2M16393898+3733489,M13,60.4126789039868,41.427337648235,4560.739,2.376553,-0.27406,0.159725,1.167328,-9999.0,89.70243508342129
2M16394029+3635076,M13,59.1156898074567,41.3291084362043,5145.543,2.348716,-0.89666,0.298315,1.683992,-9999.0,25.933761395375434
2M16394075+3524321,M13,57.5606401645905,41.1953471951559,4312.021,1.836249,-0.5507,0.250585,1.397237,-9999.0,88.63092595371937
2M16394247+3732115,M13,60.3780981065906,41.4134489474719,4707.507,2.757202,-0.20617,0.165695,1.01202,-9999.0,87.46743267686821
2M16395454+3620361,M13,58.8020159916855,41.2560607056553,5077.87,3.48643,-0.3011,0.06951,0.3869368,1.740885,24.22509638716766
2M16395923+3648194,M13,59.4155830670023,41.288627959955,4478.183,2.099402,-0.49064,0.224675,1.304638,-9999.0,33.29090450371184
2M16395971+3634200,M13,59.1071762875789,41.2630972538317,5015.64,2.548774,-1.4191,0.340885,1.119507,-9999.0,21.973512361750362
2M16395987+3750001,M13,60.7789675830097,41.3821676370128,5021.255,2.082975,-2.4619,0.235825,1.663911,-9999.0,109.8538980366797
2M16400236+3606169,M13,58.490403876803,41.2037971973077,4816.229,2.528901,-0.60645,0.294125,0.9547859,-9999.0,35.81436761683725
2M16400320+3525553,M13,57.6034087295993,41.1224910702411,4312.497,1.975302,-0.25962,0.230925,1.265115,-9999.0,85.35306230498557
2M16400426+3520585,M13,57.495404329478,41.1088375246306,4695.668,2.882396,-0.18581,0.195505,0.7643636,-9999.0,91.65550208751657
2M16400485+3628325,M13,58.9819059002652,41.2358239679995,4622.52,2.582182,-0.35526,0.245645,1.132161,-9999.0,19.621975731976214
2M16401117+3721541,M13,60.1620705960766,41.3033307278737,4898.831,2.436271,-0.57271,0.291235,1.440323,-9999.0,73.04185506545039
2M16401139+3529169,M13,57.6816854892053,41.1017063506993,4778.646,2.529938,-0.21518,0.196565,1.269872,-9999.0,80.52462202426243
2M16401299+3511146,M13,57.2867917114369,41.0591956557919,5137.677,3.790967,-0.0084648,0.037646,0.469667,2.24978,103.77929532487241
2M16401604+3542091,M13,57.9668123981686,41.1117356106949,4720.715,3.037501,-0.06575,0.153715,0.5520139,-9999.0,63.75088599583449
2M16401798+3533553,M13,57.7871226874503,41.0888538276005,4954.547,2.36641,-0.5998,0.279155,1.699417,-9999.0,74.15324273088835
2M16401852+3647229,M13,59.4034562893719,41.222996778425,5234.808,2.212886,-1.1916,0.242145,1.457639,-9999.0,30.166030660706056
2M16402233+3618474,M13,58.7755266773436,41.1600473930221,5146.331,2.486268,-1.524,0.193105,1.400941,-9999.0,20.5670896351635
2M16402686+3543543,M13,58.0110545791413,41.0788509805778,4730.346,2.437775,-0.054326,0.043259,1.326417,-9999.0,60.7869178934737
2M16402882+3542071,M13,57.9728858613971,41.0687255725368,4840.903,3.308252,-0.28458,0.255115,0.300483,1.987376,62.95139679087176
2M16402894+3622327,M13,58.8613560777858,41.1448321569021,4960.317,3.172159,-0.49151,0.274825,0.3111716,-9999.0,16.6753760705853
2M16403163+3713340,M13,59.9865863611889,41.2226968543248,4689.384,1.677094,-1.3172,0.160155,1.784596,-9999.0,61.52561155188383
2M16403418+3647236,M13,59.410811774038,41.1710574126993,4757.601,2.518676,-0.60177,0.228525,1.357469,-9999.0,28.69989169592604
2M16403600+3649093,M13,59.450437672014,41.1680175244296,4756.691,3.554208,-0.48784,-0.126605,0.3344799,30.51406,30.62695200359993
2M16403601+3604399,M13,58.4717339956566,41.0881587140244,4809.777,2.602719,-0.74029,0.253255,0.3842289,-9999.0,34.019038018919574
2M16403846+3623065,M13,58.8783836703708,41.1140789171189,4603.208,2.267414,0.048422,0.001429001,1.388257,-9999.0,14.570374926368629
2M16404254+3720148,M13,60.138488009855,41.1972987328637,4330.817,1.516956,-0.80679,0.274035,1.670514,-9999.0,69.86911120838562
2M16404298+3627418,M13,58.9814491389277,41.1073126377721,4617.752,1.410676,-1.5369,0.195725,1.831091,-9999.0,11.962054309072212
2M16404950+3516055,M13,57.4137248421579,40.9460805638691,4761.825,3.10392,0.11541,0.0287739,0.7787356,-9999.0,95.80097218650012
2M16405314+3629118,M13,59.0192892661628,41.076153666701,5077.405,3.036672,-0.8351,0.258125,1.356594,2.191442,9.984788086209822
2M16405490+3619223,M13,58.8042642088623,41.0524373491419,4210.455,2.036789,0.202,0.04134,1.071877,-9999.0,15.01386729221537
2M16405539+3635433,M13,59.1638099841321,41.0802765853339,4883.095,2.036753,-1.5298,0.261085,1.498166,-9999.0,13.767565370612495
2M16405580+3542023,M13,57.9855409335147,40.977942368706,4774.316,1.937986,-1.2554,0.215085,1.604834,-9999.0,61.60257429466345
2M16405637+3622185,M13,58.8694623967883,41.0529046450217,4934.792,1.864817,-1.4337,0.101421,2.206023,-9999.0,12.025855468404794
2M16410030+3621045,M13,58.8443177479752,41.0375572425563,4773.746,3.036282,-0.0098307,0.054825,1.007626,-9999.0,12.545806134022714
2M16410260+3626158,M13,58.9593674616339,41.0393333551853,5004.365,2.16106,-1.4548,0.08458801,1.587925,-9999.0,8.333473137748394
2M16410507+3628208,M13,59.0063327750433,41.0348864588786,4922.368,2.141002,-1.4933,0.164365,1.080988,-9999.0,7.4964174203705545
2M16410536+3621553,M13,58.8653780905498,41.022238677303,5111.836,2.631961,-1.5217,0.171635,1.013833,-9999.0,10.983936569040292
2M16410648+3628136,M13,59.0043932900494,41.0299640108697,4789.734,1.557354,-1.3603,0.093244,2.129757,-9999.0,7.205697520816234
2M16410950+3658340,M13,59.6726239617512,41.0728886261682,4622.877,2.402284,0.12834,-0.004726999,1.175799,-9999.0,40.941074597506116
2M16410966+3626448,M13,58.9734241600267,41.0166875188442,4941.07,2.313806,-1.5351,0.248385,1.252331,-9999.0,6.766983632962637
2M16411040+3506234,M13,57.2135387067148,40.8549161929132,4864.374,2.521118,-0.50097,0.275565,1.200621,-9999.0,107.83833573766967
2M16411253+3510564,M13,57.3142032968983,40.857449438923,4686.057,2.773412,-0.22042,0.207215,0.5997359,-9999.0,101.79664469417624
2M16411373+3621579,M13,58.8704207175466,40.994406226885,4950.111,3.176637,-0.68194,0.285345,0.330035,2.316061,9.786952233346335
2M16411511+3623538,M13,58.9135100548827,40.9933396185373,4906.053,2.079558,-1.5509,0.276365,1.331864,-9999.0,7.649894476138607
2M16411512+3601018,M13,58.411964575359,40.9503489376237,4607.21,2.08886,-0.78039,0.155775,1.404591,-9999.0,35.96370199540696
2M16411521+3629240,M13,59.0343316353848,41.0030056142526,4911.001,1.859695,-1.3323,0.0711,1.982257,-9999.0,5.7681419839331065
2M16411583+3633177,M13,59.1201726903322,41.0079703796861,5001.372,2.365692,-1.4592,0.283435,1.253179,-9999.0,8.845924551291724
2M16411700+3625479,M13,58.9561561180881,40.9905097205339,4879.751,1.714678,-1.311,0.0194968,2.725022,-9999.0,5.811327162640377
2M16411831+3626407,M13,58.9761144522432,40.9877674579852,5010.232,2.157195,-1.3973,0.048193,1.841705,-9999.0,5.089757197129393
2M16411850+3620036,M13,58.8309514812288,40.974976045843,5194.275,2.602179,-1.4471,0.0337159,1.590633,-9999.0,11.42842644405545
2M16411882+3628232,M13,59.0138574292735,40.9891700253248,5000.369,2.328969,-1.5551,0.194515,1.544827,-9999.0,4.7558365840207495
2M16411948+3630280,M13,59.0597962283547,40.9907387971259,5053.846,2.307899,-1.4969,0.199645,1.3266,-9999.0,5.691599405341937
2M16411961+3641229,M13,59.2995541485239,41.0097465714189,5041.954,2.157648,-1.4372,0.158685,1.391265,-9999.0,18.37518817247946
2M16411983+3624381,M13,58.9320153586558,40.9789685860008,4809.801,1.741853,-1.538,0.234195,1.830459,-9999.0,6.246420775605823
2M16412408+3625306,M13,58.9532730468828,40.9663923192154,4362.878,0.8134057,-1.6148,0.184335,2.291606,-9999.0,4.799265272438148
2M16412450+3629378,M13,59.0438763355127,40.9725032872873,4832.577,1.933291,-1.5409,0.276965,1.397269,-9999.0,4.265602103590911
2M16412464+3625449,M13,58.9587868257933,40.9649772683354,4687.505,1.3496,-1.2936,0.02755673,2.505821,-9999.0,4.5081083932639805
2M16412470+3625193,M13,58.9494424916419,40.9639881744144,4902.889,2.203407,-1.5083,0.132055,2.196494,-9999.0,4.867747452621997
2M16412557+3513053,M13,57.3686364649381,40.8179734733884,4909.996,2.768168,-0.63802,0.172485,1.11754,-9999.0,98.63648051807161
2M16412709+3628002,M13,59.0094473887742,40.9609275661858,4401.021,0.8936372,-1.686,0.223205,2.235939,-9999.0,3.0558338561504503
2M16412729+3632226,M13,59.1054792109857,40.9681635498268,4952.986,2.054262,-1.5336,0.142215,2.326859,-9999.0,6.708010266246209
2M16412815+3625274,M13,58.9540935186198,40.9527310526882,4883.101,1.387391,-1.5142,0.115577,2.460141,-9999.0,4.222004155251791
2M16412837+3627038,M13,58.9894176926777,40.9549450290512,4784.781,1.631538,-1.4015,0.136785,2.025816,-9999.0,2.966019763933501
2M16412844+3627332,M13,59.000204062738,40.9555923184654,4918.291,1.918101,-1.391,0.090211,2.031187,-9999.0,2.7979691927557204
2M16412857+3621497,M13,58.8747181999897,40.9446467583661,5131.619,2.439828,-1.3384,0.049445,2.015719,-9999.0,8.37887986579937
2M16412975+3631563,M13,59.0970298609373,40.9592132442695,5074.634,1.599005,-1.6496,0.214195,2.276722,-9999.0,5.9988419201262015
2M16413013+3635284,M13,59.1748011270175,40.9642840420152,4943.569,2.245125,-1.5709,0.298845,1.219641,-9999.0,10.41067756015398
2M16413042+3623318,M13,58.9129333860716,40.9416303484221,5012.682,2.342118,-1.5036,0.196045,1.512063,-9999.0,6.125411278516915
2M16413053+3629434,M13,59.0488425656383,40.9525900874022,4591.273,1.245265,-1.4389,0.111873,2.180168,-9999.0,3.4585513760902917
2M16413072+3630075,M13,59.0577290483228,40.9526947283235,4931.321,1.821273,-1.3217,0.065912,2.393702,-9999.0,3.842297069398046
2M16413082+3630130,M13,59.059805026942,40.9525057889805,4863.115,1.602574,-1.5813,0.240035,1.913992,-9999.0,3.9286407445802904
2M16413091+3713500,M13,60.0177421979957,41.0274051611245,4745.133,1.89522,-1.4135,0.272985,1.336503,-9999.0,60.87349106242862
2M16413097+3548233,M13,58.1433812350683,40.8724918696041,4884.257,2.621287,-0.67372,0.127165,1.188483,-9999.0,52.04580479615195
2M16413107+3625587,M13,58.9669465006176,40.9439709387849,4750.469,1.436464,-1.263,0.013991,2.555289,-9999.0,3.290510988827032
2M16413125+3628022,M13,59.0121671722583,40.9471108444085,4748.023,1.585902,-1.4306,0.099092,2.177158,-9999.0,2.230444141850061
2M16413127+3625182,M13,58.9522457108441,40.9420440601726,4794.422,1.704891,-1.4071,0.116186,2.269551,-9999.0,3.9628988063907196
2M16413182+3628553,M13,59.0318751262628,40.9468314794861,4913.287,1.840363,-1.2795,0.036841,2.468312,-9999.0,2.570269345522992
2M16413200+3628299,M13,59.0226627155985,40.9454744007794,4374.68,0.8864223,-1.385,-0.01185,3.052179,-9999.0,2.2599997604317297
2M16413253+3624424,M13,58.9397769278073,40.9367499027149,4353.71,0.8679461,-1.4851,0.106425,2.353206,-9999.0,4.50872640424933
2M16413327+3632285,M13,59.1105137115279,40.9484505563554,4988.438,2.091251,-1.4454,0.181915,1.684186,-9999.0,6.4570291435733225
2M16413392+3630057,M13,59.0586206871879,40.9419690137304,4480.655,1.034308,-1.3542,0.02693506,2.562595,-9999.0,3.4913551268047467
2M16413437+3625048,M13,58.9488663959671,40.9313194203756,4553.804,1.154665,-1.3964,0.106261,2.282496,-9999.0,3.88466302501643
2M16413448+3626365,M13,58.9824361420795,40.9337429993224,4613.529,1.147994,-1.2846,-0.013238,2.594418,-9999.0,2.1827933042378964
2M16413476+3627596,M13,59.0129330853118,40.9353371622874,4373.724,0.9187081,-1.4313,0.072624,2.378757,-9999.0,1.5303820490347069
2M16413482+3627197,M13,58.9983966660123,40.9339275581787,4345.818,0.8874807,-1.4769,0.104674,2.487597,-9999.0,1.5955549003690461
2M16413500+3625253,M13,58.9566611798885,40.929848989658,4676.554,1.557531,-1.4857,0.213995,1.76084,-9999.0,3.414739175513849
2M16413665+3626355,M13,58.9831291554075,40.9265078591063,4390.45,0.7428505,-1.4552,-0.008086,3.345569,-9999.0,1.892190826792249
2M16413684+3629289,M13,59.0465702669369,40.9311379034629,4753.528,1.816222,-1.4851,0.201855,1.558727,-9999.0,2.534384223418876
2M16413701+3621058,M13,58.8628296560107,40.9151571478956,5034.586,2.353696,-1.5463,0.274565,1.557041,-9999.0,8.83564048429089
2M16413707+3630378,M13,59.071892251281,40.9324641998981,4768.879,1.802598,-1.4998,0.266625,1.472516,-9999.0,3.9505756244493337
2M16413725+3629368,M13,59.0496795072223,40.9300122829376,4444.543,1.163059,-1.5354,0.210725,1.842977,-9999.0,2.6664277868349657
2M16413806+3618143,M13,58.8007066506868,40.9063175816061,5039.321,2.377713,-1.5057,0.202855,1.741005,-9999.0,12.559544521162882
2M16413806+3627494,M13,59.0108021322284,40.9240482561571,4402.435,1.048918,-1.4536,0.148685,2.134765,-9999.0,0.8442682641215145
2M16413837+3652023,M13,59.5422140803527,40.9661022449811,4064.786,1.293716,-0.73575,0.292775,1.789452,-9999.0,32.10977173981983
2M16413869+3622400,M13,58.8980986721051,40.9124649154991,4745.578,1.496869,-1.369,0.09041,2.370282,-9999.0,6.71570835988382
2M16413870+3625380,M13,58.9631075245168,40.9179122768042,4321.087,0.7612144,-1.4474,0.085558,2.536413,-9999.0,2.8533191500789212
2M16413902+3626352,M13,58.9841771438504,40.9185909477564,4813.444,1.667862,-1.3701,0.014682,2.576974,-9999.0,1.6328647889747039
2M16413933+3635509,M13,59.1874053899679,40.9343752529434,5770.486,2.100777,-1.8889,0.362785,4.506092,-9999.0,10.74432739842681
2M16413945+3632029,M13,59.1041319553991,40.9271288787115,5023.609,2.06302,-1.3714,0.113862,1.541168,-9999.0,5.740662387513927
2M16413961+3627381,M13,59.0074436668793,40.9185312314547,4373.581,1.0112,-1.5373,0.196685,1.905899,-9999.0,0.5343597074703528
2M16413987+3629173,M13,59.0438069987675,40.9207058686394,4857.965,1.940634,-1.5112,0.205025,1.795354,-9999.0,2.127699142351777
2M16414053+3624430,M13,58.943904540728,40.9101326634373,5017.566,2.220357,-1.4337,0.203885,1.450842,-9999.0,3.9657355445705935
2M16414069+3626202,M13,58.9794978628608,40.9125754866903,5286.306,1.500564,-1.6754,-0.104205,4.786742,-9999.0,1.836640576242554
2M16414081+3634114,M13,59.1517624020291,40.9264588280245,4792.845,1.824021,-1.5252,0.223735,1.647821,-9999.0,8.562879068187458
2M16414108+3627550,M13,59.0143162741873,40.9141515282438,4663.997,1.423797,-1.4683,0.116755,1.995033,-9999.0,0.35932641793870446
2M16414113+3628499,M13,59.0344100338609,40.9156567094734,4749.343,1.739739,-1.5104,0.206935,1.688418,-9999.0,1.5034138533900254
2M16414196+3626518,M13,58.9916673975627,40.909317221198,4088.733,0.4059744,-1.5934,0.070981,2.898812,-9999.0,1.1007187635628097
2M16414291+3626104,M13,58.9770030413283,40.9048749730729,4941.954,1.930064,-1.3893,0.139115,2.243985,-9999.0,2.0035555039245088
2M16414295+3619485,M13,58.8375638408797,40.8929657678144,4945.558,2.207797,-1.5357,0.278935,1.249079,-9999.0,10.396529158229908
2M16414394+3624419,M13,58.9451855210724,40.8987169931327,5003.586,2.448562,-1.5164,0.269355,1.416185,-9999.0,3.947353863215573
2M16414398+3622338,M13,58.8984134084732,40.8946195742815,4735.617,1.205641,-1.5001,0.088958,2.633783,-9999.0,6.758494629269134
2M16414459+3625536,M13,58.9716826019915,40.8987489776965,4998.304,2.125387,-1.354,0.088563,2.262403,-9999.0,2.396103206219361
2M16414478+3623273,M13,58.918374322716,40.8936267364833,4704.647,1.641097,-1.543,0.258215,1.749524,-9999.0,5.584626629003971
2M16414517+3628132,M13,59.0229743859034,40.9010895061335,4491.082,1.164979,-1.583,0.249835,1.859302,-9999.0,0.944369485876755
2M16414528+3631068,M13,59.0864611791154,40.9059970958789,4857.433,1.658984,-1.3434,0.069846,1.946615,-9999.0,4.593953259583161
2M16414545+3630114,M13,59.066270833932,40.9037774837283,4726.276,1.296613,-1.6036,0.196495,2.200696,-9999.0,3.396830177762348
2M16414547+3629586,M13,59.0616199034783,40.9033217157514,4548.668,1.248108,-1.4499,0.108881,2.190181,-9999.0,3.123006579597945
2M16414558+3630328,M13,59.0741740961325,40.9039738074797,4884.914,1.787401,-1.4042,0.106478,2.121632,-9999.0,3.867384981945288
2M16414564+3631473,M13,59.1014209900064,40.9060253703584,5199.322,2.393169,-0.93915,0.217495,0.3040675,-9999.0,5.490440996890935
2M16414572+3622501,M13,58.9052257718203,40.8893541164509,4916.388,1.928381,-1.4298,0.170805,1.683294,-9999.0,6.407340246422724
2M16414664+3628203,M13,59.0262852220345,40.8964091455384,4557.023,1.169968,-1.4022,0.0353205,2.443656,-9999.0,1.2726787552850627
2M16414680+3627039,M13,58.9984545869945,40.8935443332514,4702.609,1.381378,-1.2723,0.004108001,2.602615,-9999.0,1.2061127254906805
2M16414718+3627438,M13,59.0132242096705,40.8935097186944,4615.211,1.204952,-1.3162,0.016869,2.568266,-9999.0,1.008151605629315
2M16414739+3625111,M13,58.9575444098197,40.8881053204774,4820.056,1.576879,-1.2819,0.0207728,2.327555,-9999.0,3.4104951777152888
2M16414744+3628284,M13,59.0296405862581,40.8940165815706,4377.352,0.9140938,-1.4566,0.107166,2.466153,-9999.0,1.5193420469742687
2M16414800+3629531,M13,59.0608356315972,40.8947048478459,4638.554,1.240315,-1.4594,0.122911,2.187308,-9999.0,3.185205052974182
2M16414804+3631392,M13,59.0996269923556,40.897819424481,4971.49,2.071475,-1.4858,0.155955,1.842935,-9999.0,5.427053624506417
2M16414814+3623362,M13,58.9232742936315,40.8827058860418,4906.345,2.104285,-1.5477,0.247245,1.408413,-9999.0,5.455157237583598
2M16414819+3635413,M13,59.1881351338172,40.9046306959681,5092.068,2.488541,-1.476,0.210805,1.418012,-9999.0,10.69296213278114
2M16414879+3626505,M13,58.9945533681022,40.886502080883,4819.947,1.724825,-1.4553,0.099218,2.150107,-9999.0,1.6872173254604592
2M16414932+3625264,M13,58.9640681939998,40.8821469258203,4813.333,1.531417,-1.3179,0.055373,2.348064,-9999.0,3.223024721797509
2M16414966+3627104,M13,59.0022202079708,40.8842102173966,4447.852,1.141742,-1.5549,0.199705,1.963451,-9999.0,1.6162601840956485
2M16415003+3625105,M13,58.9586280239969,40.8793112876472,4692.618,1.197478,-1.6015,0.190735,2.447316,-9999.0,3.5904257607709935
2M16415024+3629431,M13,59.0582903720169,40.8869573155589,4877.083,1.463512,-1.5672,0.166495,2.106735,-9999.0,3.210378670627034
2M16415030+3624157,M13,58.9387378411237,40.8766994801922,4502.729,1.023778,-1.286,-0.032869,3.10692,-9999.0,4.719532992346825
2M16415037+3623417,M13,58.926376315272,40.8754306490618,4924.019,1.896472,-1.3352,0.10098,1.907788,-9999.0,5.42924105362733
2M16415092+3628545,M13,59.0408581854483,40.8832007189474,4443.537,0.8784453,-1.3304,-0.063039,2.998058,-9999.0,2.4522529777232207
2M16415160+3629363,M13,59.056443712989,40.882216453862,4990.481,1.733997,-1.534,0.165535,2.247036,-9999.0,3.2471830998490714
2M16415190+3619350,M13,58.8370939280232,40.862662186277,4967.317,2.171333,-1.5209,0.208785,1.762341,-9999.0,10.756140664953522
2M16415239+3628395,M13,59.0360871190623,40.8778586733519,4827.847,1.830936,-1.4549,0.176125,1.859131,-9999.0,2.483741044234106
2M16415378+3626140,M13,58.983639154044,40.8687597413789,4938.026,1.986894,-1.3687,0.054088,2.470984,-9999.0,2.936724581969238
2M16415411+3626092,M13,58.9820702892267,40.8675234178247,4770.519,1.538141,-1.2921,0.004216,2.654789,-9999.0,3.05017763381575
2M16415452+3626289,M13,58.9894449584779,40.8667677382554,5081.392,1.782906,-1.713,0.176355,2.822084,-9999.0,2.8722008068907323
2M16415462+3627229,M13,59.0092357553094,40.8680741432387,4576.718,1.364454,-1.5032,0.203925,1.862216,-9999.0,2.515969301564877
2M16415494+3627421,M13,59.0163757626744,40.8675904603327,4840.08,1.873214,-1.4602,0.130455,2.14788,-9999.0,2.573167281017762
2M16415543+3633266,M13,59.1424258144354,40.8764740766619,4949.411,1.485275,-1.5806,0.106905,2.478849,-9999.0,8.196224857358647
2M16415648+3644316,M13,59.3858285314844,40.8928677607953,5736.76,3.928982,-0.27354,0.0330103,1.287093,3.590955,22.57312905452853
2M16415681+3641510,M13,59.327287940951,40.8870019024881,5009.277,2.337602,-1.4818,0.217115,1.422493,-9999.0,19.087220328364765
2M16415712+3507216,M13,57.2619456025593,40.6991063679343,4906.082,3.355534,-0.21831,0.170325,0.4842727,-9999.0,105.64380285491163
2M16415735+3625217,M13,58.9663301924817,40.8552575898587,4937.385,1.873308,-1.3369,0.085249,2.4409,-9999.0,4.201621211430968
2M16415742+3623154,M13,58.9202523297635,40.8511356246833,4803.091,1.91046,-1.503,0.240835,1.693168,-9999.0,6.4397804605044
2M16415747+3619559,M13,58.8474656928719,40.8447509619847,5012.979,2.399094,-1.5246,0.266195,1.337396,-9999.0,10.508540176442992
2M16415830+3532570,M13,57.8208433135131,40.7493718665835,4913.037,3.013419,-0.68615,0.294565,1.041003,-9999.0,71.99737550870103
2M16415842+3628312,M13,59.0359939429414,40.85751113095,4912.649,2.003141,-1.4649,0.157325,1.840052,-9999.0,3.5143646933177934
2M16415862+3627465,M13,59.0197915914022,40.8554709161494,4861.034,2.02012,-1.5561,0.261935,1.499685,-9999.0,3.3240737795637405
2M16415903+3515426,M13,57.4450963993827,40.7106374883853,4893.176,3.553959,-0.21213,0.123799,0.3951664,2.15546,94.6530891463364
2M16415946+3521216,M13,57.5685867333413,40.7212196028111,4787.393,2.56454,-0.31699,0.06918401,1.337365,-9999.0,87.22337345680346
2M16420038+3625250,M13,58.9690015880687,40.8452566074474,4927.297,1.972347,-1.383,0.121149,2.233109,-9999.0,4.597964329612318
2M16420085+3623338,M13,58.9286712931245,40.8402590015718,4597.848,1.11858,-1.577,0.214805,2.165509,-9999.0,6.428172020542581
2M16420255+3632326,M13,59.1261493109029,40.851138181953,4964.069,2.235224,-1.5266,0.267505,1.182995,-9999.0,7.812768636614301
2M16420581+3622342,M13,58.9093818494806,40.8218828073254,5146.017,2.501244,-1.3978,0.169275,2.494135,-9999.0,8.024907893032989
2M16420633+3706114,M13,59.8653787015794,40.8976754557499,4997.712,3.365653,-0.091228,0.062079,0.9355112,2.547475,51.328049086478096
2M16420797+3739495,M13,60.6045013489234,40.9466997899594,5006.899,2.446723,-0.70457,0.261115,1.37104,-9999.0,95.69541856685616
2M16420936+3624470,M13,58.9595999337544,40.8141674333232,5035.302,2.319271,-1.514,0.207955,1.897754,-9999.0,6.4966584524912285
2M16421018+3637510,M13,59.2460121678079,40.8354189180043,4989.557,2.100142,-1.4259,0.124582,1.405918,-9999.0,14.85094919936495
2M16421122+3549592,M13,58.1998697048446,40.740669640509,4700.92,2.959385,-0.0088296,0.119593,0.3070577,-9999.0,49.65825124575082
2M16421144+3641314,M13,59.3270746401859,40.8378141199363,4934.14,2.73154,-0.85529,0.254775,1.07039,-9999.0,19.51127016435683
2M16421358+3628365,M13,59.0453705974723,40.8072055300706,5055.794,2.261578,-1.4527,0.157525,1.564408,-9999.0,6.5225774023011605
2M16421367+3633148,M13,59.1469264382757,40.8154175429958,5122.886,2.38341,-1.4105,0.157625,1.499927,-9999.0,9.985033120553485
2M16421482+3627199,M13,59.0180363347723,40.8007279186544,4508.228,1.297885,-1.5075,0.207135,1.917741,-9999.0,6.5740317596901034
2M16421650+3626137,M13,58.9947365121869,40.7930604098206,5018.202,2.187649,-1.4425,0.237885,1.451577,-9999.0,7.075890793502069
2M16421652+3624587,M13,58.9673827275955,40.7906578468208,4917.646,1.759915,-1.3857,0.079109,1.9644,-9999.0,7.603394844247285
2M16421716+3631331,M13,59.1115344769795,40.8007047061133,5095.008,2.364164,-1.4383,0.244465,1.126318,-9999.0,8.9508078189965
2M16421889+3630156,M13,59.084097806914,40.7925692567695,5139.171,2.348281,-1.49,0.159805,2.019064,-9999.0,8.331246725579403
2M16421910+3637033,M13,59.232893714533,40.8042958884381,5060.053,2.235251,-1.4429,0.210085,1.313258,-9999.0,14.801279736761716
2M16421925+3607240,M13,58.5844606636269,40.7481395178326,4778.776,2.877128,-0.37381,0.287445,0.8503525,-9999.0,27.316975545582498
2M16421985+3629461,M13,59.0738171585238,40.7884659614741,5024.743,2.184592,-1.3871,0.135635,1.472312,-9999.0,8.236221711007849
2M16422126+3633533,M13,59.164655642665,40.79133959372,5040.803,1.765477,-1.6372,0.314555,1.770884,-9999.0,11.695946963626769
2M16422293+3620427,M13,58.8772727315093,40.7613129746825,4210.146,1.481798,-0.49983,0.261225,1.669514,-9999.0,11.958582419148458
2M16422335+3725037,M13,60.2867692088267,40.8727310810539,4627.735,2.418549,0.14432,-0.006527998,1.159722,-9999.0,76.63878199540049
2M16422603+3627048,M13,59.0180637374259,40.762924777572,4938.904,2.288683,-1.563,0.261735,1.332754,-9999.0,8.837766781753373
2M16423056+3619513,M13,58.8623912670372,40.7342550793416,5052.723,2.604399,-1.6056,0.286045,1.497752,-9999.0,13.770570600479632
2M16423197+3657058,M13,59.6777146847132,40.7972597606034,5014.577,3.243688,-0.35005,0.126446,1.048649,-9999.0,40.62993652885856
2M16423238+3629577,M13,59.0842059997779,40.7471343091157,5117.204,2.313758,-1.3813,0.133095,1.398621,-9999.0,10.738451900200749
2M16423446+3714502,M13,60.0673887804469,40.8192941947552,4214.104,1.574551,-0.34972,0.231885,1.498787,-9999.0,63.67632899305924
2M16423760+3617342,M13,58.8160437201287,40.7064013843613,5095.047,2.315032,-1.3749,0.146565,1.86853,-9999.0,16.871786071706516
2M16423787+3624127,M13,58.9612580321708,40.7180900815562,4836.754,1.597774,-1.3828,0.041969,2.419858,-9999.0,11.880181244824739
2M16423825+3635066,M13,59.1996302718885,40.7371043452642,5084.706,2.662243,-1.473,0.270045,1.115843,-9999.0,15.39705071742312
2M16424322+3636002,M13,59.2215687630217,40.7221912933313,4609.593,1.435123,-1.5084,0.243505,1.724964,-9999.0,16.974110475473154
2M16424407+3741088,M13,60.6482059941745,40.8302229626147,5208.294,3.088912,-2.0429,0.255475,1.705454,-9999.0,98.40883963423062
2M16424471+3704448,M13,59.8509850879216,40.768328200044,4806.826,2.955459,-0.59086,0.293015,0.5678845,-9999.0,51.17007466511451
2M16424710+3559335,M13,58.4278582434455,40.6395728457073,4699.87,1.286433,-1.6576,0.226205,1.826964,-9999.0,38.513264387890246
2M16424751+3742516,M13,60.687203710056,40.8216210774581,4841.538,2.933648,-0.22582,0.076098,0.9801693,-9999.0,100.7718374761073
2M16424964+3643344,M13,59.3901352788924,40.7146539607781,5109.881,3.10017,-0.7262,0.169005,0.9953717,2.812548,25.64344865796791
2M16425157+3512377,M13,57.4085652400288,40.5267018243526,5196.986,3.499098,-0.53044,0.283025,0.5864352,2.355158,98.79999400220161
2M16425490+3554103,M13,58.314601331701,40.6026686556276,5053.59,3.473732,-0.55966,0.222695,0.6830304,1.502588,45.61704404255882
2M16425504+3534123,M13,57.8798742158682,40.5611572041879,4571.238,1.265101,-1.3955,0.236195,1.856693,-9999.0,70.96444252538204
2M16425527+3550066,M13,58.2262973811297,40.5932273325538,4903.659,2.266649,-0.56838,0.212755,1.881915,-9999.0,50.71809325669216
2M16425528+3636561,M13,59.2477999684205,40.6838179440398,4850.504,1.853342,-0.93141,0.133635,1.836538,-9999.0,19.691260262081318
2M16425611+3744040,M13,60.7171578355189,40.7952741071168,4153.118,1.617929,-0.0107,0.086181,1.353007,-9999.0,102.66050682291173
2M16425766+3553079,M13,58.2934114456578,40.591321218587,4692.986,2.73663,0.016576,0.03165,1.036545,-9999.0,47.05527769521288
2M16425821+3713384,M13,60.0516966024578,40.7389026087457,5025.136,3.214333,-0.68926,0.303205,0.865207,2.085163,63.339261630667714
2M16430093+3730193,M13,60.4180224460966,40.7575563887937,4305.883,1.942162,-0.27467,0.216535,1.329842,-9999.0,84.97504661907583
2M16430159+3743106,M13,60.6998821326632,40.7759014212055,4968.608,3.212744,-0.54236,0.256775,0.9759667,2.347524,101.71166395288449
2M16430284+3748247,M13,60.8151153510188,40.7799709726292,5164.62,2.266265,-1.1258,0.421305,2.168753,-9999.0,108.58755141540755
2M16430770+3514329,M13,57.4597376041919,40.476457854524,4859.001,2.48596,-0.4676,0.264535,1.31217,-9999.0,96.58457555913435
2M16430979+3733048,M13,60.4822001646438,40.7328808107478,4252.362,0.9781707,-1.4609,0.096007,1.838739,-9999.0,88.96898513034152
2M16431445+3704333,M13,59.8603319742215,40.669668363455,4634.376,2.610412,0.014981,0.0187634,1.127717,-9999.0,53.018539614631116
2M16431724+3651330,M13,59.577537059375,40.6374935541904,4536.039,2.344693,-0.38619,0.276915,1.187394,-9999.0,37.77418531720413
2M16431790+3512148,M13,57.4157534122382,40.4370037933899,4876.866,2.867971,-0.50866,0.228915,1.192587,-9999.0,99.77600582608831
2M16431961+3703248,M13,59.8377445873008,40.6506233811422,4524.85,2.102613,-0.54003,0.221305,1.380925,-9999.0,52.04588740695211
2M16432369+3626285,M13,59.0336238692075,40.5697414428481,4892.759,3.428912,-0.064024,0.069981,0.3205162,2.31132,20.46465984279069
2M16432457+3547110,M13,58.1786105700299,40.4889847225602,5265.208,3.235305,-2.1469,0.176585,2.371155,-9999.0,55.91479315148504
2M16432559+3531495,M13,57.8453620785218,40.4534051299832,4719.458,2.302067,-0.70338,0.173615,1.3158,-9999.0,75.05662734558847
2M16433302+3701153,M13,59.7967926918524,40.6024759146365,4844.937,3.181316,-0.047299,0.087426,0.3142172,-9999.0,50.685399188638435
2M16433414+3657226,M13,59.7126550885578,40.5919113149859,4614.32,3.950807,-0.33471,-0.0164477,0.3235638,13.10992,46.278034811740056
2M16433430+3521331,M13,57.6272935596585,40.4020185653946,4777.617,3.030854,-0.17681,0.193125,0.3003032,-9999.0,88.38393551452799
2M16433668+3618128,M13,58.8602497093255,40.5105850479759,5096.787,3.442841,-0.49546,0.101059,0.5880984,1.502761,25.593882715348677
2M16433835+3631416,M13,59.1546845157524,40.5308499903342,4978.96,3.617547,-0.29845,0.243365,0.3915435,1.582997,24.349086638744783
2M16434022+3712017,M13,60.0352647477655,40.5974585304121,4890.708,3.500168,-0.7377,0.192585,0.3005315,53.48106,64.31065155634934
2M16434035+3607137,M13,58.6230979562555,40.4767357555219,4967.542,2.686764,-0.95705,0.292175,1.564192,-9999.0,34.852258882153436
2M16434183+3530465,M13,57.8318120733053,40.3965701120398,4873.792,3.157159,-0.28997,0.237015,0.8255075,-9999.0,77.11195332538206
2M16434200+3620595,M13,58.9234654994213,40.498221351628,4620.188,2.278353,-0.42703,0.282275,1.442879,-9999.0,25.246376971037126
2M16434638+3524172,M13,57.6936452033706,40.367273675465,4550.461,3.754044,-0.47373,0.0881443,0.3151157,8.428494,85.43085233233343
2M16434860+3630574,M13,59.1437756327888,40.495340434695,5084.432,3.598312,-0.33043,0.100898,0.5357227,1.51088,26.142274386462603
2M16435257+3725072,M13,60.3265984363123,40.5790192298552,4897.91,2.025606,-1.6927,0.207175,1.186826,-9999.0,81.45383333975349
2M16435449+3548050,M13,58.2146555424383,40.3905024258722,5054.857,3.798065,-0.29252,0.245085,0.3482491,2.034886,56.99843794803147
2M16435681+3613371,M13,58.7706991608919,40.4344332172484,4690.969,1.564447,-1.6659,0.281675,1.296552,-9999.0,31.942810822411445
2M16435883+3531089,M13,57.8496430637827,40.340195686927,5043.385,3.413439,-0.013053,0.038022,0.9560398,1.577539,77.56273995061723
2M16440055+3755158,M13,60.9884182921717,40.6016159560511,4693.644,2.978448,0.18239,0.011425,0.9313973,-9999.0,120.13851491716864
2M16440061+3515175,M13,57.507020046916,40.2996157763091,4977.869,3.039881,-0.44861,0.115318,1.265989,-9999.0,97.33171889806134
2M16440435+3506534,M13,57.3273580886669,40.2682607142555,4610.475,2.765196,0.17339,0.0200377,0.9806904,-9999.0,108.05187275338287
2M16440479+3538260,M13,58.0110148898705,40.3356813591304,4433.574,2.370888,0.060513,0.089409,1.051083,-9999.0,69.13846502084553
2M16440601+3536168,M13,57.9650006409714,40.3270160526561,4828.94,2.960063,0.014948,0.032124,0.9965555,-9999.0,71.79706258358414
2M16440644+3631455,M13,59.1701635645125,40.4375093091904,4982.833,2.346854,-0.63556,0.289845,1.713089,-9999.0,29.93391643398298
2M16440663+3647081,M13,59.5049071908571,40.4656998212216,4818.724,3.037585,-0.2622,0.152565,0.9710442,-9999.0,39.904997119765504
2M16440744+3629107,M13,59.1145334116563,40.4292514802247,4748.283,2.448558,-0.23633,0.206995,1.297926,-9999.0,29.518925188887277
2M16441260+3506363,M13,57.326154011263,40.239750097596,4426.879,2.193276,-0.23999,0.213715,1.23134,-9999.0,108.74033328829591
2M16442268+3541272,M13,58.0865774209393,40.2820430842503,4830.727,1.998618,-1.4429,0.239505,1.367634,-9999.0,67.00254421441885
2M16442381+3630177,M13,59.1471069409456,40.3769326052503,5067.376,2.662365,-1.0316,0.224885,1.170483,3.22144,33.02503562696744
2M16442607+3750558,M13,60.9042419803625,40.5112329822474,5575.317,3.800922,0.01344,-0.0278347,0.9993335,4.521682,116.14561607143777
2M16442618+3659553,M13,59.7925967462251,40.4242596307722,4165.445,1.619915,-0.088618,0.0246321,1.510393,-9999.0,55.265223645605865
2M16442756+3615595,M13,58.8383608376627,40.3365114865022,5135.218,2.666197,-0.83814,0.224195,1.499754,-9999.0,35.91735900344511
2M16442783+3746285,M13,60.8077567962601,40.4983171904474,4634.747,2.414679,0.0014079,0.115423,1.243223,-9999.0,110.65750784763691
2M16443019+3637160,M13,59.3018210165201,40.3690443273378,4851.603,3.319239,0.13304,0.041393,0.953639,-9999.0,36.878898623544366
2M16443285+3606392,M13,58.6385369011722,40.300170498335,4841.202,3.125969,-0.09089,0.087744,0.7047093,-9999.0,42.84339712966538
2M16443329+3624504,M13,59.0334436927597,40.334826462009,4946.485,1.874516,-1.3688,0.095671,1.794238,-9999.0,34.53906686532019
2M16443887+3703341,M13,59.8779561659558,40.3888415241032,4086.667,0.7881321,-1.4125,0.220335,2.105911,-9999.0,60.74400897924974
2M16444045+3621308,M13,58.9649391981642,40.3044511079646,4864.621,2.838068,0.26765,-0.014376,1.119732,-9999.0,36.43338814091492
2M16444150+3745436,M13,60.7972071956618,40.4522957639374,5203.865,3.198154,-2.1963,0.350935,1.654817,-9999.0,110.69313357460733
2M16444645+3632201,M13,59.2029023230396,40.3055534098513,4858.998,3.181607,0.071674,0.061636,0.9864771,2.917158,38.06890005864717
2M16444690+3630275,M13,59.1624175709902,40.300428342193,4982.261,3.210421,-0.32123,0.251385,0.6479179,-9999.0,37.70028380547339
2M16444895+3602114,M13,58.5504288003229,40.237268824144,4638.185,2.296729,0.027389,0.119333,1.333521,-9999.0,48.88335627949918
2M16444903+3605202,M13,58.6186741360974,40.2434230029675,5044.587,2.853111,-1.1371,0.207905,0.6231032,1.508586,46.37735405383865
2M16444970+3744532,M13,60.7823607199574,40.4240442847091,4644.277,2.615582,-0.29702,0.214325,1.013974,-9999.0,110.26647597496961
2M16444972+3616012,M13,58.8506161348112,40.2626788577907,4439.336,3.538972,-0.24355,0.1358853,0.351852,6.547718,39.99925448656757
2M16450028+3603447,M13,58.5902651446378,40.2025810141454,4599.238,2.18895,-0.5191,0.274755,1.464199,-9999.0,49.35411120942708
2M16354705+3557273,M13,58.1705082043279,42.0431399019619,4494.945,2.175213,-0.43613,0.218905,1.221004,-9999.0,84.61388210399272
2M16365670+3531146,M13,57.6215343680579,41.7613745657916,4565.656,2.362253,-0.24244,0.306405,1.267097,-9999.0,97.72221684192566
2M16370259+3609531,M13,58.4830507622551,41.8116842704388,4693.913,2.885596,0.10388,0.069406,0.8492959,-9999.0,62.6622380846719
2M16370807+3527591,M13,57.5551423295352,41.7168476913277,4808.137,1.984017,-0.51613,0.214345,1.707261,-9999.0,99.81688503414624
2M16370867+3534159,M13,57.6947914016752,41.7267668814669,4960.816,2.298844,-0.62508,0.209345,1.738001,-9999.0,92.89119691750763
2M16374360+3609572,M13,58.5039275614976,41.6745945065005,4905.339,3.068281,-0.49272,0.312765,0.7485141,-9999.0,55.01427687952498
2M16375886+3610241,M13,58.5211529898657,41.6243553666054,4913.399,2.389265,-0.55607,0.254255,1.600147,-9999.0,51.93640304078311
2M16380048+3535216,M13,57.745870241005,41.5544132337775,4917.921,3.277522,-0.26039,0.172435,0.6035594,1.500306,85.13432250508367
2M16381640+3545461,M13,57.9842877255161,41.5206545813628,4725.718,2.451828,-0.011973,0.0289045,1.336873,-9999.0,71.62363350151078
2M16385623+3535110,M13,57.7711745700723,41.3664568667496,4566.358,2.388242,0.21995,0.003286,1.298614,-9999.0,79.21457404630986
2M16391045+3612137,M13,58.5959634312462,41.3882551503697,4525.112,2.079444,-0.52427,0.264125,1.493654,-9999.0,37.954648843508636
2M16392535+3525016,M13,57.563068237421,41.248246389295,4785.966,2.947617,-0.39132,0.259615,0.9827723,-9999.0,89.15649008093499
2M16401139+3529169,M13,57.6816854892053,41.1017063506993,4778.204,2.563049,-0.20665,0.199455,1.287123,-9999.0,80.52462202426243
2M16401798+3533553,M13,57.7871226874503,41.0888538276005,4963.959,2.418095,-0.57932,0.266605,1.606719,-9999.0,74.15324273088835
2M16402686+3543543,M13,58.0110545791413,41.0788509805778,4729.265,2.470133,-0.062286,0.045083,1.338135,-9999.0,60.7869178934737
2M16411040+3506234,M13,57.2135387067148,40.8549161929132,4856.362,2.384051,-0.495,0.294715,1.333706,-9999.0,107.83833573766967
2M16415903+3515426,M13,57.4450963993827,40.7106374883853,4984.607,3.589056,-0.15467,0.120624,0.3002272,1.953485,94.6530891463364
2M16425527+3550066,M13,58.2262973811297,40.5932273325538,4911.582,2.36669,-0.52125,0.202365,1.583252,-9999.0,50.71809325669216
2M16435883+3531089,M13,57.8496430637827,40.340195686927,5029.654,3.312034,0.0081661,0.015216,0.543413,1.519043,77.56273995061723
2M16450169+3513115,M13,57.498094919445,40.0889500608855,4766.764,2.493414,-0.6864,0.299585,1.199289,-9999.0,103.22755402730672
2M16415946+3521216,M13,57.5685867333413,40.7212196028111,4794.429,2.594692,-0.30463,0.07773601,1.4155,-9999.0,87.22337345680346
2M16420085+3623338,M13,58.9286712931245,40.8402590015718,4603.381,1.133775,-1.5733,0.205095,1.946615,-9999.0,6.428172020542581
2M16421482+3627199,M13,59.0180363347723,40.8007279186544,4506.258,1.254123,-1.5093,0.178275,1.965577,-9999.0,6.5740317596901034
2M16422293+3620427,M13,58.8772727315093,40.7613129746825,4207.775,1.481313,-0.51407,0.257385,1.671552,-9999.0,11.958582419148458
2M16423787+3624127,M13,58.9612580321708,40.7180900815562,4867.672,1.742823,-1.4381,0.122551,2.025723,-9999.0,11.880181244824739
2M16423825+3635066,M13,59.1996302718885,40.7371043452642,5039.204,2.682816,-1.4703,0.280995,0.8239825,-9999.0,15.39705071742312
2M16424322+3636002,M13,59.2215687630217,40.7221912933313,4602.341,1.366237,-1.5146,0.230145,1.774639,-9999.0,16.974110475473154
2M16425527+3550066,M13,58.2262973811297,40.5932273325538,4969.809,2.383109,-0.50711,0.213815,1.754608,-9999.0,50.71809325669216
2M16425766+3553079,M13,58.2934114456578,40.591321218587,4711.196,2.76279,0.020205,0.0240202,1.112034,-9999.0,47.05527769521288
2M16432369+3626285,M13,59.0336238692075,40.5697414428481,4879.915,3.408033,-0.058698,0.082833,0.7673615,2.397894,20.46465984279069
2M16433668+3618128,M13,58.8602497093255,40.5105850479759,5196.729,3.351434,-0.47259,0.101401,1.317225,2.132505,25.593882715348677
2M16434200+3620595,M13,58.9234654994213,40.498221351628,4615.964,2.323104,-0.42808,0.278765,1.313621,-9999.0,25.246376971037126
2M16434860+3630574,M13,59.1437756327888,40.495340434695,5140.387,3.609621,-0.32103,0.096309,1.060215,2.114024,26.142274386462603
2M16435298+3629238,M13,59.112001496616,40.4778147927039,5034.5,1.921508,-1.3702,0.313785,2.313663,-9999.0,26.64353751630778
2M16440601+3536168,M13,57.9650006409714,40.3270160526561,4821.11,2.94533,0.017199,0.0211523,1.169634,-9999.0,71.79706258358414
2M16440644+3631455,M13,59.1701635645125,40.4375093091904,4986.588,2.367496,-0.62482,0.286005,1.850248,-9999.0,29.93391643398298
2M16440663+3647081,M13,59.5049071908571,40.4656998212216,4826.078,3.003663,-0.24218,0.162635,1.067343,-9999.0,39.904997119765504
2M16440744+3629107,M13,59.1145334116563,40.4292514802247,4759.28,2.408813,-0.23055,0.220315,1.403718,-9999.0,29.518925188887277
2M16441260+3506363,M13,57.326154011263,40.239750097596,4425.681,2.181987,-0.24832,0.206035,1.142239,-9999.0,108.74033328829591
2M16442268+3541272,M13,58.0865774209393,40.2820430842503,4826.612,1.869915,-1.4933,0.213805,1.531722,-9999.0,67.00254421441885
2M16442618+3659553,M13,59.7925967462251,40.4242596307722,4162.511,1.639483,-0.06183,0.0226921,1.503834,-9999.0,55.265223645605865
2M16443019+3637160,M13,59.3018210165201,40.3690443273378,4852.878,3.354879,0.1938,0.0244861,0.3016546,-9999.0,36.878898623544366
2M16443887+3703341,M13,59.8779561659558,40.3888415241032,4090.224,0.807137,-1.4133,0.220135,2.524178,-9999.0,60.74400897924974
2M16444045+3621308,M13,58.9649391981642,40.3044511079646,4867.287,2.799925,0.2814,-0.011062,1.146091,-9999.0,36.43338814091492
2M16444645+3632201,M13,59.2029023230396,40.3055534098513,4810.446,3.141555,0.064716,0.047156,1.086173,-9999.0,38.06890005864717
2M16444895+3602114,M13,58.5504288003229,40.237268824144,4659.302,2.301569,0.016097,0.111603,1.398524,-9999.0,48.88335627949918
2M16452796+3642480,M13,59.4508526615816,40.1877757924704,3914.66,0.7183219,-1.1452,0.236855,2.448894,-9999.0,50.76861186397777
2M16453405+3633489,M13,59.2592826030024,40.1501852107836,4868.137,2.383854,-0.31543,0.101397,1.668092,-9999.0,47.97975810962168
2M16454727+3701379,M13,59.8684803240012,40.159196372,4203.015,1.723272,-0.32772,0.262825,1.41205,-9999.0,68.42879800387114
2M16454864+3659300,M13,59.8229640698586,40.1507259812665,4697.746,2.516058,-0.57407,0.286955,1.121572,-9999.0,66.7432948831357
2M16460698+3650191,M13,59.633152097627,40.0727239056002,4962.818,2.447259,-0.6359,0.255125,1.352166,-9999.0,62.623152764046516
2M16461291+3548009,M13,58.2909122240673,39.9263803693222,4468.945,2.102975,-0.27414,0.188095,1.385511,-9999.0,73.10636980771237
2M16462229+3700119,M13,59.8544702780387,40.0407549985358,4703.742,2.604883,-0.37239,0.173245,1.249574,-9999.0,72.71437906645752
2M16463187+3551489,M13,58.3835601690804,39.8710482219506,4999.197,2.763453,-0.97913,0.220895,1.316406,3.195729,72.7918372618007
2M16465357+3707402,M13,60.0312296564963,39.9513901646974,4646.179,2.648001,-0.21116,0.215105,1.035292,-9999.0,84.03947988610552
2M16470502+3714068,M13,60.1759283140045,39.925564911355,5005.865,3.193701,-0.16188,0.067505,1.122677,2.901416,91.55656501720831
2M16470853+3610321,M13,58.8070693340623,39.7883717180008,4599.939,2.587524,-0.0064466,0.161795,1.020424,-9999.0,68.39028505109601
2M16470931+3647003,M13,59.5930216431072,39.8598277197254,4602.575,2.71386,-0.6816,0.231035,1.550565,14.02814,72.06936794865643
2M16471660+3648015,M13,59.6187547157814,39.8376486345191,4825.713,3.128937,0.010165,0.0309187,0.9873631,-9999.0,73.98561426470305
2M16472138+3655400,M13,59.7859001421829,39.8366863820284,4774.19,3.130057,0.14084,0.0343348,0.7714185,-9999.0,79.46372349308744
2M16474840+3702464,M13,59.9525564673372,39.7610387662834,4605.695,2.601197,-0.081315,0.170865,1.124719,-9999.0,89.1666338858316
2M16475071+3600541,M13,58.6237237618665,39.6269765807749,4065.582,1.345397,-0.12927,0.185345,1.448405,-9999.0,80.3945914544992
2M16480227+3659101,M13,59.8819021719893,39.708235196107,4896.003,2.493202,-0.75552,0.298525,1.372208,-9999.0,89.08438330607855
2M16480959+3701038,M13,59.9263614532201,39.687721084341,5009.66,2.526865,-0.61492,0.247105,1.417523,-9999.0,91.65840178730974
2M16351292+3606257,M13,58.3551028321251,42.1728884585502,4710.025,2.412591,-0.21571,0.209205,1.284222,-9999.0,85.35572161974568
2M16354705+3557273,M13,58.1705082043279,42.0431399019619,4484.826,2.134021,-0.42478,0.200705,1.307947,-9999.0,84.61388210399272
2M16360010+3700559,M13,59.5947815191605,42.101607489536,4591.867,2.628587,0.06189,0.0195531,1.032462,-9999.0,79.64189979760565
2M16364676+3710413,M13,59.8312196738162,41.9614697353493,4616.051,2.568075,-0.23676,0.210555,1.128389,-9999.0,80.04976755285391
2M16365576+3643402,M13,59.2321873810963,41.8904753587476,4973.071,2.523929,-0.59932,0.268335,1.345612,-9999.0,60.320120864822876
2M16370259+3609531,M13,58.4830507622551,41.8116842704388,4693.155,2.858258,0.099897,0.063854,1.0098,-9999.0,62.6622380846719
2M16370956+3718326,M13,60.0153856980214,41.8975230124321,4994.618,3.135135,-0.38737,0.083487,1.245398,-9999.0,84.5553520880154
2M16371172+3723125,M13,60.1202842958164,41.8970623642565,4633.351,2.678293,0.12447,0.050637,1.120776,-9999.0,89.13632246444404
2M16372271+3721197,M13,60.0825271938851,41.8581154224695,4829.854,2.682069,-0.66239,0.302525,1.319471,-9999.0,85.8909469584035
2M16372725+3618352,M13,58.6879751778394,41.7442268476799,4677.709,2.408037,-0.58859,0.271085,1.128431,-9999.0,53.65336811532932
2M16374302+3640370,M13,59.1846312840865,41.7284293960241,4688.724,2.931577,0.25413,0.002439002,0.9532131,-9999.0,50.21117347731547
2M16375027+3635052,M13,59.0649453544837,41.6952518794534,5111.78,3.679974,-0.5221,0.179675,0.8014289,1.502623,47.230310418120254
2M16375886+3610241,M13,58.5211529898657,41.6243553666054,4900.213,2.350458,-0.5641,0.259985,1.594594,-9999.0,51.93640304078311
2M16383232+3708171,M13,59.8200626227072,41.6087415966487,5426.911,3.368286,-1.9272,0.292635,0.8106661,-9999.0,64.18713716734842
2M16384606+3734503,M13,60.4149735159462,41.6029140779565,4273.991,1.854662,-0.14463,0.137715,1.288991,-9999.0,93.99303059156014
2M16391045+3612137,M13,58.5959634312462,41.3882551503697,4535.944,2.143081,-0.5178,0.265455,1.276762,-9999.0,37.954648843508636
2M16391543+3608365,M13,58.5184921651433,41.365047532624,4641.436,2.800872,0.014957,0.167245,0.8817348,-9999.0,40.188724180070146
2M16392160+3640068,M13,59.2173244803626,41.39980507903,4465.065,1.9286,-0.73407,0.273385,1.432914,-9999.0,31.912581220646622
2M16393292+3719415,M13,60.0976094719965,41.4260871453403,4623.01,2.3992,0.10721,0.007881001,1.317893,-9999.0,72.23063822633183
2M16393366+3632322,M13,59.0554208582519,41.3467118446456,4948.195,3.624654,-0.11015,0.099177,0.5097415,1.956501,26.34405137075861
2M16393877+3616077,M13,58.6957506769802,41.3006735763264,5143.971,1.961558,-9999.0,-9999.0,2.336792,-9999.0,30.08259511626358
2M16393898+3733489,M13,60.4126789039868,41.427337648235,4551.114,2.357041,-0.26679,0.150225,1.204786,-9999.0,89.70243508342129
2M16395971+3634200,M13,59.1071762875789,41.2630972538317,4987.435,2.515616,-1.4315,0.364925,0.7785742,-9999.0,21.973512361750362
2M16403418+3647236,M13,59.410811774038,41.1710574126993,4759.894,2.497995,-0.58405,0.236785,1.371892,-9999.0,28.69989169592604
2M16404298+3627418,M13,58.9814491389277,41.1073126377721,4664.029,1.472228,-1.4992,0.226555,1.675406,-9999.0,11.962054309072212
2M16405490+3619223,M13,58.8042642088623,41.0524373491419,4209.557,1.990524,0.20612,0.056585,1.123055,-9999.0,15.01386729221537
2M16410950+3658340,M13,59.6726239617512,41.0728886261682,4623.083,2.35844,0.13996,-0.005799998,1.315285,-9999.0,40.941074597506116
2M16411983+3624381,M13,58.9320153586558,40.9789685860008,4886.879,2.074956,-1.4881,0.253215,1.124015,-9999.0,6.246420775605823
2M16412464+3625449,M13,58.9587868257933,40.9649772683354,4645.825,1.251278,-1.3344,-0.06414,2.894943,-9999.0,4.5081083932639805
2M16423197+3657058,M13,59.6777146847132,40.7972597606034,4990.754,3.10441,-0.35197,0.11527,1.163486,2.583152,40.62993652885856
2M16424407+3741088,M13,60.6482059941745,40.8302229626147,5098.405,2.779911,-2.0523,0.264755,0.3982264,-9999.0,98.40883963423062
2M16430979+3733048,M13,60.4822001646438,40.7328808107478,4243.325,0.9261508,-1.4673,0.045321,2.109454,-9999.0,88.96898513034152
2M16384606+3734503,M13,60.4149735159462,41.6029140779565,4269.031,1.820945,-0.14241,0.122887,1.29987,-9999.0,93.99303059156014
2M16390296+3722100,M13,60.1403807397088,41.5286464084704,4047.055,1.24753,-0.62594,0.316075,1.793453,-9999.0,77.3158611379621
2M16391959+3731295,M13,60.3536687015317,41.4877295431071,4979.844,3.291506,-0.34446,0.217395,0.9395891,-9999.0,87.75637421883783
2M16392465+3751067,M13,60.7905013822293,41.4992042571181,4746.668,2.427232,-0.23206,0.199055,1.289199,-9999.0,112.52754588728757
2M16392577+3723182,M13,60.1747054726266,41.4551649783049,4925.7,1.706739,-2.4683,0.156825,1.056178,-9999.0,77.15877973070556
2M16393292+3719415,M13,60.0976094719965,41.4260871453403,4616.098,2.390304,0.10519,0.013528,1.303167,-9999.0,72.23063822633183
2M16393898+3733489,M13,60.4126789039868,41.427337648235,4565.726,2.332342,-0.26695,0.171725,1.35145,-9999.0,89.70243508342129
2M16395923+3648194,M13,59.4155830670023,41.288627959955,4475.294,2.090463,-0.48111,0.232015,1.40388,-9999.0,33.29090450371184
2M16401117+3721541,M13,60.1620705960766,41.3033307278737,4926.625,2.412446,-0.54255,0.298165,1.489361,-9999.0,73.04185506545039
2M16403163+3713340,M13,59.9865863611889,41.2226968543248,4730.922,1.801972,-1.2638,0.251625,1.428269,-9999.0,61.52561155188383
2M16403418+3647236,M13,59.410811774038,41.1710574126993,4744.8,2.506502,-0.58739,0.223225,1.388577,-9999.0,28.69989169592604
2M16404254+3720148,M13,60.138488009855,41.1972987328637,4299.806,1.414803,-0.83432,0.296305,1.778566,-9999.0,69.86911120838562
2M16410950+3658340,M13,59.6726239617512,41.0728886261682,4626.05,2.395894,0.14353,-0.003136,1.207469,-9999.0,40.941074597506116
2M16413837+3652023,M13,59.5422140803527,40.9661022449811,4070.626,1.23347,-0.73907,0.322645,1.843572,-9999.0,32.10977173981983
2M16415543+3633266,M13,59.1424258144354,40.8764740766619,4940.822,1.441787,-1.5208,0.050028,1.888948,-9999.0,8.196224857358647
2M16422335+3725037,M13,60.2867692088267,40.8727310810539,4618.669,2.356776,0.16851,-0.0008139983,1.267769,-9999.0,76.63878199540049
2M16423197+3657058,M13,59.6777146847132,40.7972597606034,4987.015,3.299423,-0.35931,0.124392,0.7951865,-9999.0,40.62993652885856
2M16423446+3714502,M13,60.0673887804469,40.8192941947552,4208.922,1.525837,-0.32782,0.232055,1.543761,-9999.0,63.67632899305924
2M16423825+3635066,M13,59.1996302718885,40.7371043452642,5097.351,2.771629,-1.4056,0.265915,0.5257024,-9999.0,15.39705071742312
2M16424322+3636002,M13,59.2215687630217,40.7221912933313,4593.587,1.41996,-1.5194,0.200715,1.604834,-9999.0,16.974110475473154
2M16424407+3741088,M13,60.6482059941745,40.8302229626147,5066.597,2.911575,-2.1234,0.367065,1.10414,-9999.0,98.40883963423062
2M16424751+3742516,M13,60.687203710056,40.8216210774581,4873.717,2.911631,-0.21656,0.089999,1.021721,-9999.0,100.7718374761073
2M16425611+3744040,M13,60.7171578355189,40.7952741071168,4149.905,1.601701,0.0060844,0.086456,1.455158,-9999.0,102.66050682291173
2M16430093+3730193,M13,60.4180224460966,40.7575563887937,4300.56,1.892501,-0.27019,0.216685,1.361037,-9999.0,84.97504661907583
2M16430979+3733048,M13,60.4822001646438,40.7328808107478,4244.506,0.8577126,-1.4712,0.094711,1.686592,-9999.0,88.96898513034152
2M16431724+3651330,M13,59.577537059375,40.6374935541904,4541.443,2.269087,-0.37103,0.283985,1.255148,-9999.0,37.77418531720413
2M16431961+3703248,M13,59.8377445873008,40.6506233811422,4524.511,1.997326,-0.54226,0.243465,1.550744,-9999.0,52.04588740695211
2M16432369+3626285,M13,59.0336238692075,40.5697414428481,4930.975,3.438638,-0.041825,0.048871,0.3565332,3.729495,20.46465984279069
2M16434860+3630574,M13,59.1437756327888,40.495340434695,5118.588,3.535999,-0.34734,0.115949,1.172425,1.521318,26.142274386462603
2M16435298+3629238,M13,59.112001496616,40.4778147927039,5020.651,1.891073,-1.3775,0.308795,2.232235,-9999.0,26.64353751630778
2M16440055+3755158,M13,60.9884182921717,40.6016159560511,4694.236,2.957106,0.19228,0.02706189,0.9908488,-9999.0,120.13851491716864
2M16440644+3631455,M13,59.1701635645125,40.4375093091904,5024.109,2.422616,-0.61111,0.310585,1.870122,-9999.0,29.93391643398298
2M16440663+3647081,M13,59.5049071908571,40.4656998212216,4847.271,3.038562,-0.25212,0.167765,1.06779,-9999.0,39.904997119765504
2M16351292+3606257,M13,58.3551028321251,42.1728884585502,4719.209,2.419418,-0.20051,0.205405,1.296283,-9999.0,85.35572161974568
2M16450169+3513115,M13,57.498094919445,40.0889500608855,4793.194,2.467661,-0.68441,0.287375,1.448905,-9999.0,103.22755402730672
2M16450272+3726014,M13,60.3773707804492,40.3496413388849,4643.64,2.489849,-0.087942,0.123484,1.00258,-9999.0,88.66418019204059
2M16450990+3718015,M13,60.2067109843932,40.3120827545006,4299.298,1.520886,-0.5947,0.283335,1.655274,-9999.0,80.26605736847007
2M16452202+3528069,M13,57.8322618371145,40.0537878412856,4777.785,2.460335,-0.6291,0.292545,1.375245,-9999.0,87.36474796947677
2M16452536+3609391,M13,58.7316878217021,40.1308617978135,4992.178,2.691168,-0.89522,0.148765,0.991871,1.655503,49.64121698853849
2M16452551+3711071,M13,60.0639321526387,40.2483362081906,4801.2,2.633009,-0.67221,0.302745,1.163333,-9999.0,74.66497867625787
2M16452796+3642480,M13,59.4508526615816,40.1877757924704,3942.128,0.8323505,-1.1586,0.209555,2.710316,-9999.0,50.76861186397777
2M16452824+3546592,M13,58.2433443552044,40.0738785011729,4775.947,2.358767,-0.85819,0.298115,1.766689,-9999.0,68.06391216049937
2M16452959+3740599,M13,60.7148696115445,40.2867817944624,5135.729,3.341532,-0.90193,0.329555,0.7617983,2.113538,108.91250050702655
2M16453405+3633489,M13,59.2592826030024,40.1501852107836,4872.524,2.47106,-0.31705,0.11864,1.513875,-9999.0,47.97975810962168
2M16453426+3705026,M13,59.9362275587118,40.2084629742975,5087.251,2.694118,-1.922,0.273175,1.205583,-9999.0,69.7150348218764
2M16453479+3653130,M13,59.680014783319,40.1848373406019,5116.894,2.437031,-1.3203,0.259045,1.436746,-9999.0,59.23858955803037
2M16453572+3653191,M13,59.6826837344831,40.1819449322702,5140.188,3.845044,-0.17109,0.110836,0.3267232,2.881509,59.47472839640901
2M16454144+3539267,M13,58.0880642934565,40.0133428383055,5098.718,3.528013,-0.32195,0.203625,0.3294959,1.758855,77.16381435248282
2M16454196+3723161,M13,60.3352796516803,40.2156941191776,4855.041,2.674052,-0.64559,0.197065,1.383089,-9999.0,89.7682378165505
2M16454663+3551412,M13,58.3552005029392,40.0222944155104,4873.047,3.371793,-0.1711,0.202885,0.3146226,1.63482,66.18474831791931
2M16454727+3701379,M13,59.8684803240012,40.159196372,4206.989,1.738502,-0.32736,0.268955,1.409224,-9999.0,68.42879800387114
2M16454864+3659300,M13,59.8229640698586,40.1507259812665,4687.797,2.54899,-0.57988,0.304475,1.248599,-9999.0,66.7432948831357
2M16454958+3520545,M13,57.6932629361372,39.9449572222064,4961.966,3.914586,-0.051106,0.099163,1.703609,13.51139,97.95087855633437
2M16455057+3714505,M13,60.1564426316045,40.1723696802942,5029.746,3.31306,-0.47805,0.0287068,1.170779,-9999.0,81.7945298048365
2M16460116+3605002,M13,58.6507426483787,40.0017057433403,4696.957,2.609859,-0.50042,0.294265,1.191206,-9999.0,58.60572911371173
2M16460501+3529141,M13,57.8817714301186,39.9116815989744,4575.709,2.372168,0.12925,0.089047,1.217438,-9999.0,90.38994196592112
2M16460698+3650191,M13,59.633152097627,40.0727239056002,4950.283,2.435758,-0.68191,0.300085,1.368548,-9999.0,62.623152764046516
2M16460934+3534382,M13,58.0006338582192,39.909117607058,4511.776,3.531107,-0.4504,0.1807753,0.6260802,8.166201,85.28838175055898
2M16461265+3730476,M13,60.5124439662384,40.1279239354204,5074.963,3.884756,-0.21381,0.116102,0.3947753,3.940397,101.62839678410842
2M16461291+3548009,M13,58.2909122240673,39.9263803693222,4427.683,2.215538,-0.27743,0.182705,1.261711,-9999.0,73.10636980771237
2M16461809+3729055,M13,60.4780338667219,40.1070450716383,4998.905,2.334929,-0.69522,0.261335,1.868702,-9999.0,100.39669408382979
2M16462049+3644579,M13,59.5241496881942,40.0176945280175,4597.964,2.401149,-0.35194,0.233215,1.22601,-9999.0,61.79006591613542
2M16462229+3700119,M13,59.8544702780387,40.0407549985358,4698.0,2.634906,-0.37131,0.174985,1.152359,-9999.0,72.71437906645752
2M16462400+3714426,M13,60.1693090072069,40.0618807678223,5032.919,3.714115,-0.43151,0.261035,0.3050282,1.824358,86.18522484887204
2M16462795+3711031,M13,60.0920137326862,40.0421993791239,5037.296,3.354686,-0.38956,0.173745,0.8799621,2.255537,83.22135475424598
2M16463187+3551489,M13,58.3835601690804,39.8710482219506,5063.819,2.880669,-0.92083,0.179625,1.234252,2.966812,72.7918372618007
2M16463427+3700013,M13,59.8565183497721,40.0008166417087,4683.531,2.857168,-0.090155,0.125563,0.9172801,-9999.0,74.53554657866944
2M16463821+3606273,M13,58.7024605031607,39.8810079117888,4642.114,2.583537,-0.331,0.212725,1.22113,-9999.0,64.43802398415603
2M16464198+3701058,M13,59.8835270026917,39.9773304433345,4978.476,1.84457,-1.4655,0.320325,1.455627,-9999.0,76.67150014773269
2M16464676+3731148,M13,60.5377960348762,40.0166036150325,4974.756,2.483374,-0.5358,0.269335,1.653179,-9999.0,106.1901321662384
2M16465357+3707402,M13,60.0312296564963,39.9513901646974,4647.412,2.684557,-0.21496,0.216375,1.017959,-9999.0,84.03947988610552
2M16465595+3727507,M13,60.4684301225708,39.9803574118254,4727.016,2.557236,-0.44612,0.268985,1.177674,-9999.0,103.77144863116949
2M16465971+3725461,M13,60.4252678737819,39.9642682971278,4943.244,2.959984,-0.59289,0.264415,0.8946826,-9999.0,102.13035684925444
2M16470011+3719291,M13,60.2896415261633,39.9515970333565,5057.727,2.896877,-1.4698,0.338565,0.7278804,-9999.0,95.92532124016773
2M16470502+3714068,M13,60.1759283140045,39.925564911355,4980.804,3.284503,-0.18525,0.057871,0.9936085,-9999.0,91.55656501720831
2M16470853+3610321,M13,58.8070693340623,39.7883717180008,4560.028,2.646407,0.025153,0.135975,0.9134399,-9999.0,68.39028505109601
2M16470931+3647003,M13,59.5930216431072,39.8598277197254,4600.772,2.805938,-0.69817,0.230975,1.504804,14.03783,72.06936794865643
2M16471660+3648015,M13,59.6187547157814,39.8376486345191,4829.418,3.09329,0.016766,0.046353,0.9248579,-9999.0,73.98561426470305
2M16472138+3655400,M13,59.7859001421829,39.8366863820284,4779.634,3.120814,0.14388,0.039716,0.8257394,-9999.0,79.46372349308744
2M16472247+3556313,M13,58.5135958524173,39.7118985513614,4464.082,3.290109,-0.28987,0.1077053,0.788152,33.65891,77.81202331440774
2M16472346+3719186,M13,60.2969497709101,39.8743645148639,4778.828,2.485272,-0.52772,0.124457,1.322026,-9999.0,99.1141264165061
2M16473019+3530246,M13,57.9577973135596,39.628024884798,4920.383,3.112316,-0.61053,0.309645,0.8956947,-9999.0,99.50942910929794
2M16473068+3549418,M13,58.3717660967212,39.6695276117627,4857.55,2.850576,-0.61519,0.267865,0.8658686,-9999.0,83.70191957527042
2M16474719+3650025,M13,59.6778109883843,39.7402902782497,4081.674,0.9086198,-1.0291,0.158345,2.067997,-9999.0,80.81517467474964
2M16474840+3702464,M13,59.9525564673372,39.7610387662834,4578.558,2.61769,-0.090173,0.156565,1.003807,-9999.0,89.1666338858316
2M16474959+3656149,M13,59.8126490559176,39.7445054215582,4321.182,1.17402,-1.1732,0.178675,1.693636,-9999.0,84.90844027323493
2M16475071+3600541,M13,58.6237237618665,39.6269765807749,4062.13,1.311901,-0.13686,0.166275,1.464232,-9999.0,80.3945914544992
2M16475170+3642131,M13,59.5118447238827,39.7098086810717,4801.178,3.117777,0.026552,0.02701832,0.720875,-9999.0,78.05322789040257
2M16475970+3621543,M13,59.0795649693323,39.641659108977,4172.75,1.83096,-0.020839,0.11357,1.317013,-9999.0,76.21483085907327
2M16475975+3609214,M13,58.8102255115532,39.6149897794417,4889.441,3.191938,-0.056682,0.05671,0.3028029,-9999.0,78.61972235581007
2M16480227+3659101,M13,59.8819021719893,39.708235196107,4911.896,2.628612,-0.73792,0.286315,1.229046,-9999.0,89.08438330607855
2M16480685+3717183,M13,60.2745377983009,39.7277380203756,4885.697,3.262018,-0.059126,0.132105,0.7848922,2.507841,103.86759472746796
2M16480959+3701038,M13,59.9263614532201,39.687721084341,4995.318,2.52431,-0.61902,0.261675,1.346139,-9999.0,91.65840178730974
2M16481359+3709344,M13,60.1114086602656,39.6908886083014,4876.209,3.64477,0.15185,0.112985,0.3721089,3.176874,98.57789326313743
2M16482554+3604073,M13,58.7125880971466,39.5176009404361,5184.085,2.396224,-0.86209,0.288125,1.694494,-9999.0,85.42847494670569
2M16482731+3603421,M13,58.7045761064945,39.5107764995221,4915.726,3.317077,-0.25533,0.216225,0.3024823,2.113051,85.93018429195422
2M16440744+3629107,M13,59.1145334116563,40.4292514802247,4764.956,2.467908,-0.26088,0.219315,1.146759,-9999.0,29.518925188887277
2M16442618+3659553,M13,59.7925967462251,40.4242596307722,4167.784,1.610224,-0.076699,0.032883,1.571593,-9999.0,55.265223645605865
2M16442783+3746285,M13,60.8077567962601,40.4983171904474,4637.604,2.377848,0.016129,0.121342,1.279175,-9999.0,110.65750784763691
2M16443019+3637160,M13,59.3018210165201,40.3690443273378,4845.671,3.370638,0.14399,0.047633,0.8112094,-9999.0,36.878898623544366
2M16443887+3703341,M13,59.8779561659558,40.3888415241032,4092.897,0.804103,-1.3977,0.215435,2.393702,-9999.0,60.74400897924974
2M16444645+3632201,M13,59.2029023230396,40.3055534098513,4864.024,3.220689,0.08411,0.05036,0.8373538,-9999.0,38.06890005864717
2M16444970+3744532,M13,60.7823607199574,40.4240442847091,4645.05,2.570058,-0.30893,0.220515,1.140665,-9999.0,110.26647597496961
2M16450272+3726014,M13,60.3773707804492,40.3496413388849,4631.91,2.421936,-0.093225,0.129785,1.167906,-9999.0,88.66418019204059
2M16452796+3642480,M13,59.4508526615816,40.1877757924704,3916.969,0.7411182,-1.1744,0.262595,2.313503,-9999.0,50.76861186397777
2M16453405+3633489,M13,59.2592826030024,40.1501852107836,4864.027,2.445171,-0.31643,0.11244,1.456465,-9999.0,47.97975810962168
2M16454196+3723161,M13,60.3352796516803,40.2156941191776,4867.497,2.714006,-0.64192,0.194725,1.168003,-9999.0,89.7682378165505
2M16454727+3701379,M13,59.8684803240012,40.159196372,4201.561,1.757741,-0.34219,0.267745,1.406048,-9999.0,68.42879800387114
2M16454864+3659300,M13,59.8229640698586,40.1507259812665,4706.407,2.525304,-0.57215,0.290365,1.142236,-9999.0,66.7432948831357
2M16455057+3714505,M13,60.1564426316045,40.1723696802942,5016.605,3.117357,-0.46016,0.113384,0.9347468,-9999.0,81.7945298048365
2M16460698+3650191,M13,59.633152097627,40.0727239056002,4976.923,2.46642,-0.63215,0.275685,1.310509,-9999.0,62.623152764046516
2M16461265+3730476,M13,60.5124439662384,40.1279239354204,5071.331,3.951755,-0.16956,0.100552,0.3760019,4.872143,101.62839678410842
2M16461809+3729055,M13,60.4780338667219,40.1070450716383,5001.104,2.412364,-0.67139,0.243805,1.755133,-9999.0,100.39669408382979
2M16462229+3700119,M13,59.8544702780387,40.0407549985358,4694.167,2.538973,-0.36528,0.182505,1.207858,-9999.0,72.71437906645752
2M16465357+3707402,M13,60.0312296564963,39.9513901646974,4643.617,2.610007,-0.2179,0.212295,1.011983,-9999.0,84.03947988610552
2M16470502+3714068,M13,60.1759283140045,39.925564911355,5002.354,3.263963,-0.16274,0.055926,1.077991,-9999.0,91.55656501720831
2M16470931+3647003,M13,59.5930216431072,39.8598277197254,4560.647,2.724416,-0.69783,0.246965,1.650593,13.99587,72.06936794865643
2M16471660+3648015,M13,59.6187547157814,39.8376486345191,4804.989,3.01508,0.018428,0.047232,0.961185,-9999.0,73.98561426470305
2M16472138+3655400,M13,59.7859001421829,39.8366863820284,4785.994,3.157038,0.13545,0.052361,0.9106112,-9999.0,79.46372349308744
2M16472346+3719186,M13,60.2969497709101,39.8743645148639,4789.942,2.449893,-0.5079,0.096015,1.481085,-9999.0,99.1141264165061
2M16474840+3702464,M13,59.9525564673372,39.7610387662834,4614.621,2.600156,-0.087869,0.173665,1.187911,-9999.0,89.1666338858316
2M16480227+3659101,M13,59.8819021719893,39.708235196107,4874.421,2.560939,-0.75227,0.306825,1.206135,-9999.0,89.08438330607855
2M16480959+3701038,M13,59.9263614532201,39.687721084341,5003.479,2.5475,-0.61259,0.222575,1.497925,-9999.0,91.65840178730974
